"File","Slug","Noindex","WordCount"
"1090.md","รับซื้อไอแพด-แอร์-6-ipad-air-6-อุบล","false","188"
"1199.md","ขายโน๊ตบุ๊คอุบล","true","189"
"1230.md","ข้อดีที่ทำให้กล้อง-canon-eos-m50","true","41"
"1340.md","รับซ่อมคอมพิวเตอร์-ยโสธ","true","123"
"1352.md","10-อันดับ-กล้อง-fujifilm-ในตลาดมือ","true","40"
"1362.md","รับซื้อกล้อง-ได้เงินทัน","true","35"
"1452.md","fixcom-ubon","true","370"
"1477.md","รับซื้อกล้องมือสอง-บุรี","true","36"
"1480.md","buy-camera-sisaket","true","36"
"1482.md","buy-camera-yasothon","true","36"
"1494.md","buy-camera-udon","true","35"
"1498.md","buy-camera-mukdahan","true","36"
"1500.md","buy-camera-nakonpanom","true","35"
"1502.md","buy-camera-sakonnakon","true","36"
"1504.md","buy-camera-bungkan","true","37"
"1508.md","buy-camera-chaiyaphum","true","39"
"1511.md","รับซื้อ-harddisk","true","44"
"1515.md","รับซื้อฮาร์ดดิส","true","42"
"1517.md","we-buy-harddisk","true","44"
"1519.md","รับซื้อ-harddisk-ใหม่","true","45"
"1528.md","รับซื้อคอม-พระนคร","true","88"
"1529.md","รับซื้อคอม-ดุสิต","true","83"
"1530.md","รับซื้อคอม-หนองจอก","true","56"
"1531.md","รับซื้อคอม-บางรัก","true","77"
"1532.md","รับซื้อคอม-บางเขน","true","59"
"1533.md","รับซื้อคอม-บางกะปิ","true","69"
"1534.md","รับซื้อคอม-ปทุมวัน","true","69"
"1535.md","รับซื้อคอม-ป้อมปราบศัตร","true","63"
"1536.md","รับซื้อคอม-พระโขนง","true","83"
"1537.md","รับซื้อคอม-ลาดพร้าว","true","55"
"1538.md","รับซื้อคอม-วัฒนา","true","85"
"1539.md","รับซื้อคอม-ห้วยขวาง","true","81"
"1540.md","รับซื้อคอม-บางซื่อ","true","103"
"1541.md","รับซื้อคอม-จตุจักร","true","86"
"1542.md","รับซื้อคอม-บางพลัด","true","85"
"1543.md","รับซื้อคอม-ดินแดง","true","97"
"1544.md","รับซื้อคอม-บึงกุ่ม","true","63"
"1545.md","รับซื้อคอม-สาทร","true","89"
"1546.md","รับซื้อคอม-ธนบุรี","true","85"
"1547.md","รับซื้อคอม-คลองสาน","true","57"
"1548.md","รับซื้อคอม-บางกอกใหญ่","true","80"
"1549.md","รับซื้อคอม-บางกอกน้อย","true","97"
"1550.md","รับซื้อคอม-บางขุนเทียน","true","69"
"1551.md","รับซื้อคอม-ภาษีเจริญ","true","61"
"1552.md","รับซื้อคอม-หนองแขม","true","55"
"1553.md","รับซื้อคอม-ราษฎร์บูรณะ","true","86"
"1554.md","รับซื้อคอม-บางคอแหลม","true","71"
"1555.md","รับซื้อคอม-บางแค","true","68"
"1556.md","รับซื้อคอม-หลักสี่","true","81"
"1557.md","รับซื้อคอม-สายไหม","true","55"
"1558.md","รับซื้อคอม-คันนายาว","true","52"
"1559.md","รับซื้อคอม-สะพานสูง","true","116"
"1560.md","รับซื้อคอม-บางนา","true","53"
"1561.md","รับซื้อคอม-ทวีวัฒนา","true","86"
"1562.md","รับซื้อคอม-ทุ่งครุ","true","86"
"1563.md","รับซื้อคอม-บางบอน","true","69"
"2086.md","รับซื้อวารินชำราบ","true","98"
"2087.md","รับซื้อเดชอุดม","true","76"
"2089.md","รับซื้อบ้านไผ่","true","55"
"2090.md","รับซื้อชุมแพ","true","77"
"2092.md","รับซื้อปากช่อง","true","73"
"2093.md","รับซื้อโนนสูง","true","78"
"2095.md","รับซื้อบ้านผือ","true","76"
"2096.md","รับซื้อหนองหาน","true","77"
"2098.md","รับซื้อกันทรวิชัย","true","97"
"2099.md","รับซื้อโกสุมพิสัย","true","109"
"2101.md","รับซื้อธวัชบุรี","true","66"
"2102.md","รับซื้อโพนทอง","true","101"
"2104.md","รับซื้อกันทรลักษ์","true","97"
"2105.md","รับซื้อขุขันธ์","true","64"
"2107.md","รับซื้อปราสาท","true","86"
"2108.md","รับซื้อรัตนบุรี","true","74"
"2110.md","รับซื้อนางรอง","true","97"
"2111.md","รับซื้อประโคนชัย","true","57"
"2113.md","รับซื้อเชียงคาน","true","69"
"2114.md","รับซื้อวังสะพุง","true","51"
"2116.md","รับซื้ออากาศอำนวย","true","57"
"2117.md","รับซื้อวาริชภูมิ","true","70"
"2119.md","รับซื้อธาตุพนม","true","91"
"2120.md","รับซื้อเรณูนคร","true","72"
"2122.md","รับซื้อพรเจริญ","true","86"
"2123.md","รับซื้อเซกา","true","52"
"2125.md","รับซื้อท่าบ่อ","true","101"
"2126.md","รับซื้อศรีเชียงใหม่","true","107"
"2128.md","รับซื้อนากลาง","true","81"
"2129.md","รับซื้อศรีบุญเรือง","true","92"
"2131.md","รับซื้อบ้านเขว้า","true","82"
"2132.md","รับซื้อจัตุรัส","true","81"
"2134.md","รับซื้อปทุมราชวงศา","true","64"
"2135.md","รับซื้อชานุมาน","true","92"
"2137.md","รับซื้อคำเขื่อนแก้ว","true","101"
"2138.md","รับซื้อมหาชนะชัย","true","101"
"2140.md","รับซื้อคำชะอี","true","107"
"2141.md","รับซื้อนิคมคำสร้อย","true","57"
"2143.md","รับซื้อยางตลาด","true","70"
"2144.md","รับซื้อกมลาไสย","true","108"
"2171.md","รับซื้อกล้อง-panasonic","true","39"
"2323.md","รับซื้อโน๊ตบุ๊ค-notebook","true","39"
"2370.md","รับซื้อคอมพิวเตอร์ภูเก","true","331"
"2375.md","รับซื้อคอมพิวเตอร์-ภูเก","true","356"
"2380.md","rab-sue-klung-mueang-song-phuket","true","355"
"2397.md","รับซื้อมือถือภูเก็ต-ราค","true","333"
"2402.md","รับซื้อ-คอมพิวเตอร์-ขอนแ","true","279"
"2417.md","รับซื้อ-คอมพิวเตอร์-อุดร","true","273"
"2430.md","รับซื้อคอมพิวเตอร์มือส","true","377"
"2444.md","rab-sue-kompyuter-bangkok","true","262"
"2449.md","rab-sue-notebook-mue-song-thi-nakhon-ratchasima","true","267"
"2473.md","rab-sue-notebook-krungthep","true","36"
"2498.md","rab-sue-notebook-asus-bangkok-2","true","47"
"2511.md","rab-sue-notebook-hp-pathum-thani","true","282"
"2523.md","รับซื้อคอมพิวเตอร์-ชลบุ","true","360"
"2528.md","rab-sue-computer-chonburi","true","357"
"2533.md","rab-sue-computer-chon-buri","true","360"
"2547.md","รับ-เหมาคอม-ประมูล-คอม-ชล","true","20"
"2556.md","รับเหมาคอม-ประมูล-คอม-ชล","true","19"
"2566.md","rab-sue-notebook-chonburi","true","276"
"2583.md","rab-sue-notebook-chon-buri","true","330"
"364.md","รับซื้อคอม-ศรีสะเกษ","true","428"
"371.md","รับซื้อไอโฟนอุบล","false","281"
"373.md","รับซื้อคอม-อำนาจเจริญ","true","426"
"387.md","วิธีเช็คโน๊ตบุ๊คมือสอง","true","322"
"403.md","รับซื้อโน๊ตบุ๊ค-ศรีสะเก","true","473"
"405.md","รับซื้อซัมซุง-อุบล","false","198"
"413.md","รับซื้อมือถือ-อุบล","true","379"
"416.md","รับซื้อไอแพด-อุบล","false","303"
"433.md","รับซื้อจอคอม-อำนาจเจริญ","true","901"
"435.md","รับซื้อจอคอม-ศรีสะเกษ","true","896"
"47.md","รับซื้อคอม-อุบล","true","851"
"532.md","รับซื้อลำโพง-marshall","true","350"
"550.md","รับซื้อกล้องอุบล","true","432"
"556.md","ขายมือถืออุบล","true","366"
"561.md","รับซื้อทีวี-อุบล-รับซื้","true","377"
"566.md","รับซื้อ-smart-tv-อุบล-โทรทัศน์-ท","true","391"
"582.md","รับซื้อกล้อง-canon-eos-rp","true","271"
"587.md","รับซื้อ-notebook-lenovo-รับซื้อโน๊ตบุ","true","47"
"590.md","รับซื้อโน๊ตบุ๊ค-acer-อุบลรา","true","39"
"594.md","รับซื้อโน๊ตบุ๊ค-asus-อุบลรา","true","46"
"597.md","รับซื้อโน๊ตบุ๊ค-hp-อุบลรา","true","45"
"603.md","รับซื้อโน๊ตบุ๊ค-dell-อุบลรา","true","39"
"607.md","ร้านขายไอแพดในอุบล-ipad","true","158"
"618.md","รับซื้อโทรศัพท์-อุบล","false","167"
"626.md","รับซื้อ-iphone-จังหวัด-อุบลราช","true","198"
"627.md","รับซื้อ-คอม-มือสอง-อุบล","false","142"
"635.md","มือถือ-มือ-สอง-อุบล","true","114"
"637.md","รับซื้อ-apple-watch-อุบลราชธานี","true","388"
"641.md","รับซื้อ-apple-watch-series-8-อุบล","true","395"
"643.md","รับซื้อ-apple-watch-series-7-อุบล","true","389"
"647.md","รับซื้อ-apple-watch-series-6-อุบล","true","421"
"655.md","รับซื้อ-ps5-อุบล-play-station-5-อุบลราชธ","true","391"
"673.md","รับซื้อคอมสำนักงาน","false","149"
"679.md","รับซื้อคอมพิวเตอร์บริษ","true","19"
"686.md","รับซื้อโทรศัพท์-มือถือ","true","50"
"689.md","รับซื้อโทรศัพท์-samsung-s24-ultra","true","46"
"7.md","รับซื้อโน๊ตบุ๊ค-อุบล","true","362"
"711.md","โน๊ตบุ๊คมือสอง-อุบล","true","162"
"794.md","รับซื้อโดรน","true","18"
"798.md","รับซื้อโดรน-dji-drone","true","19"
"84.md","รับซื้อโน๊ตบุ๊ค-อำนาจเจ","true","41"
"ipad-gen-9-มือสอง-ขายได้กี่บาท.md","ipad-gen-9-มือสอง-ขายได้กี่บาท","false","205"
"iphone-13-มือสอง-ขายได้กี่บาท.md","iphone-13-มือสอง-ขายได้กี่บาท","false","235"
"iphone-14-มือสอง-ขายได้กี่บาท.md","iphone-14-มือสอง-ขายได้กี่บาท","false","200"
"iphone-จอแตก-ขายได้ไหม.md","iphone-จอแตก-ขายได้ไหม","false","174"
"iphone-ติด-icloud-ขายได้ไหม.md","iphone-ติด-icloud-ขายได้ไหม","false","195"
"iphone-แบตเสื่อม-ขายได้ไหม.md","iphone-แบตเสื่อม-ขายได้ไหม","false","215"
"legacy-notebook-ubon-ranking-url.md","รับซื้อโน๊ตบุ๊คอุบล-notebook-laptop-จ","false","155"
"macbook-air-m1-มือสอง-ขายได้กี่บาท.md","macbook-air-m1-มือสอง-ขายได้กี่บาท","false","223"
"macbook-pro-m1-มือสอง-ขายได้กี่บาท.md","macbook-pro-m1-มือสอง-ขายได้กี่บาท","false","206"
"macbook-เปิดไม่ติด-ขายได้ไหม.md","macbook-เปิดไม่ติด-ขายได้ไหม","false","168"
"macbook-แบตเสื่อม-ขายได้ไหม.md","macbook-แบตเสื่อม-ขายได้ไหม","false","170"
"กล้อง-fujifilm-มือสอง-ขายได้กี่บาท.md","กล้อง-fujifilm-มือสอง-ขายได้กี่บาท","true","170"
"กล้องเลนส์ขึ้นรา-ขายได้ไหม.md","กล้องเลนส์ขึ้นรา-ขายได้ไหม","true","144"
"ก่อนขาย-iphone-ล้างข้อมูล.md","ก่อนขาย-iphone-ล้างข้อมูล","false","236"
"ก่อนขาย-macbook-ลบข้อมูล.md","ก่อนขาย-macbook-ลบข้อมูล","false","208"
"ก่อนขายโน๊ตบุ๊ค-ลบข้อมูลอะไร.md","ก่อนขายโน๊ตบุ๊ค-ลบข้อมูลอะไร","true","176"
"ขาย-android-ติด-google-ได้ไหม.md","ขาย-android-ติด-google-ได้ไหม","true","344"
"ขาย-iphone-ขอนแก่น-ที่ไหนดี-เช็กราคาก่อนขาย.md","ขาย-iphone-ขอนแก่น-ที่ไหนดี-เช็กราคาก่อนขาย","false","183"
"ขาย-iphone-ติด-apple-id-ได้ไหม.md","ขาย-iphone-ติด-apple-id-ได้ไหม","false","174"
"ขายคอมบริษัท-อุบลราชธานี-คู่มือเคลียร์เครื่อง.md","ขายคอมบริษัท-อุบลราชธานี-คู่มือเคลียร์เครื่อง","true","162"
"ขายคอมเก่า-ข้อมูลในเครื่อง-ทำยังไง.md","ขายคอมเก่า-ข้อมูลในเครื่อง-ทำยังไง","true","162"
"ขายมือถือให้ร้าน-ปลอดภัยไหม.md","ขายมือถือให้ร้าน-ปลอดภัยไหม","true","288"
"ขายโน๊ตบุ๊คมือสอง-อุบลราชธานี-เช็กลิสต์.md","ขายโน๊ตบุ๊คมือสอง-อุบลราชธานี-เช็กลิสต์","true","237"
"ขายโน๊ตบุ๊คมือสอง-ใช้บัตรประชาชนไหม.md","ขายโน๊ตบุ๊คมือสอง-ใช้บัตรประชาชนไหม","true","112"
"คอมเกมมิ่ง-มือสอง-ขายได้กี่บาท.md","คอมเกมมิ่ง-มือสอง-ขายได้กี่บาท","true","183"
"คอมเก่า-10-ปี-ขายได้ไหม.md","คอมเก่า-10-ปี-ขายได้ไหม","true","167"
"คอมเก่า-ไม่มีการ์ดจอ-ขายได้กี่บาท.md","คอมเก่า-ไม่มีการ์ดจอ-ขายได้กี่บาท","true","178"
"คอมเปิดไม่ติด-ขายได้ไหม.md","คอมเปิดไม่ติด-ขายได้ไหม","true","140"
"รับซื้อ-access-point.md","รับซื้อ-access-point","false","58"
"รับซื้อ-acer-notebook.md","รับซื้อ-acer-notebook","false","243"
"รับซื้อ-acer-อุบล.md","รับซื้อ-acer-อุบล","false","118"
"รับซื้อ-airpods-max.md","รับซื้อ-airpods-max","false","63"
"รับซื้อ-airpods-pro.md","รับซื้อ-airpods-pro","false","92"
"รับซื้อ-airpods.md","รับซื้อ-airpods","false","129"
"รับซื้อ-android-tablet.md","รับซื้อ-android-tablet","false","62"
"รับซื้อ-apple-studio-display.md","รับซื้อ-apple-studio-display","false","62"
"รับซื้อ-apple-tv.md","รับซื้อ-apple-tv","false","71"
"รับซื้อ-aruba.md","รับซื้อ-aruba","false","65"
"รับซื้อ-asus-notebook.md","รับซื้อ-asus-notebook","false","239"
"รับซื้อ-asus-nuc.md","รับซื้อ-asus-nuc","false","58"
"รับซื้อ-asus-อุบล.md","รับซื้อ-asus-อุบล","false","133"
"รับซื้อ-buffalo-network.md","รับซื้อ-buffalo-network","false","38"
"รับซื้อ-case-คอมพิวเตอร์.md","รับซื้อ-case-คอมพิวเตอร์","false","43"
"รับซื้อ-cctv.md","รับซื้อ-cctv","false","120"
"รับซื้อ-cpu.md","รับซื้อ-cpu","false","85"
"รับซื้อ-dell-notebook.md","รับซื้อ-dell-notebook","false","155"
"รับซื้อ-dell-อุบล.md","รับซื้อ-dell-อุบล","false","154"
"รับซื้อ-dyson.md","รับซื้อ-dyson","false","50"
"รับซื้อ-external-harddisk.md","รับซื้อ-external-harddisk","false","66"
"รับซื้อ-firewall.md","รับซื้อ-firewall","false","57"
"รับซื้อ-flash-drive.md","รับซื้อ-flash-drive","false","69"
"รับซื้อ-fortinet.md","รับซื้อ-fortinet","false","69"
"รับซื้อ-gaming-pc.md","รับซื้อ-gaming-pc","false","56"
"รับซื้อ-harddisk-dell.md","รับซื้อ-harddisk-dell","false","64"
"รับซื้อ-harddisk-hgst.md","รับซื้อ-harddisk-hgst","false","62"
"รับซื้อ-harddisk-hitachi.md","รับซื้อ-harddisk-hitachi","false","62"
"รับซื้อ-harddisk-hp.md","รับซื้อ-harddisk-hp","false","64"
"รับซื้อ-harddisk-lenovo.md","รับซื้อ-harddisk-lenovo","false","64"
"รับซื้อ-harddisk-nas.md","รับซื้อ-harddisk-nas","false","44"
"รับซื้อ-harddisk-samsung.md","รับซื้อ-harddisk-samsung","false","64"
"รับซื้อ-harddisk-sas.md","รับซื้อ-harddisk-sas","false","68"
"รับซื้อ-harddisk-seagate.md","รับซื้อ-harddisk-seagate","false","62"
"รับซื้อ-harddisk-server.md","รับซื้อ-harddisk-server","false","58"
"รับซื้อ-harddisk-synology.md","รับซื้อ-harddisk-synology","false","41"
"รับซื้อ-harddisk-toshiba.md","รับซื้อ-harddisk-toshiba","false","63"
"รับซื้อ-harddisk-wd.md","รับซื้อ-harddisk-wd","false","67"
"รับซื้อ-harddisk-กล้องวงจรปิด.md","รับซื้อ-harddisk-กล้องวงจรปิด","false","65"
"รับซื้อ-homepod.md","รับซื้อ-homepod","false","45"
"รับซื้อ-hp-notebook.md","รับซื้อ-hp-notebook","false","176"
"รับซื้อ-hp-อุบล.md","รับซื้อ-hp-อุบล","false","135"
"รับซื้อ-huawei-tablet.md","รับซื้อ-huawei-tablet","false","63"
"รับซื้อ-imac.md","รับซื้อ-imac","false","63"
"รับซื้อ-intel-nuc.md","รับซื้อ-intel-nuc","false","59"
"รับซื้อ-ip-camera.md","รับซื้อ-ip-camera","false","57"
"รับซื้อ-ip-phone.md","รับซื้อ-ip-phone","false","55"
"รับซื้อ-ipad-หาดใหญ่.md","รับซื้อ-ipad-หาดใหญ่","false","34"
"รับซื้อ-ipad-เชียงใหม่.md","รับซื้อ-ipad-เชียงใหม่","false","105"
"รับซื้อ-iphone-15-pro-max.md","รับซื้อ-iphone-15-pro-max","false","85"
"รับซื้อ-iphone-15.md","รับซื้อ-iphone-15","false","88"
"รับซื้อ-iphone-16-pro-max.md","รับซื้อ-iphone-16-pro-max","false","85"
"รับซื้อ-iphone-16.md","รับซื้อ-iphone-16","false","88"
"รับซื้อ-iphone-จตุจักร.md","รับซื้อ-iphone-จตุจักร","false","111"
"รับซื้อ-iphone-ชลบุรี.md","รับซื้อ-iphone-ชลบุรี","false","114"
"รับซื้อ-iphone-นครปฐม.md","รับซื้อ-iphone-นครปฐม","false","105"
"รับซื้อ-iphone-นครศรีธรรมราช.md","รับซื้อ-iphone-นครศรีธรรมราช","false","102"
"รับซื้อ-iphone-นนทบุรี.md","รับซื้อ-iphone-นนทบุรี","false","117"
"รับซื้อ-iphone-ปทุมธานี.md","รับซื้อ-iphone-ปทุมธานี","false","117"
"รับซื้อ-iphone-พระนครศรีอยุธยา.md","รับซื้อ-iphone-พระนครศรีอยุธยา","false","104"
"รับซื้อ-iphone-พระโขนง.md","รับซื้อ-iphone-พระโขนง","false","109"
"รับซื้อ-iphone-พิษณุโลก.md","รับซื้อ-iphone-พิษณุโลก","false","111"
"รับซื้อ-iphone-ภูเก็ต.md","รับซื้อ-iphone-ภูเก็ต","false","117"
"รับซื้อ-iphone-ระยอง.md","รับซื้อ-iphone-ระยอง","false","112"
"รับซื้อ-iphone-ลาดพร้าว.md","รับซื้อ-iphone-ลาดพร้าว","false","109"
"รับซื้อ-iphone-ลำปาง.md","รับซื้อ-iphone-ลำปาง","false","183"
"รับซื้อ-iphone-วังทองหลาง.md","รับซื้อ-iphone-วังทองหลาง","false","110"
"รับซื้อ-iphone-สงขลา.md","รับซื้อ-iphone-สงขลา","false","108"
"รับซื้อ-iphone-สุราษฎร์ธานี.md","รับซื้อ-iphone-สุราษฎร์ธานี","false","100"
"รับซื้อ-iphone-หาดใหญ่.md","รับซื้อ-iphone-หาดใหญ่","false","114"
"รับซื้อ-iphone-ห้วยขวาง.md","รับซื้อ-iphone-ห้วยขวาง","false","110"
"รับซื้อ-iphone-เชียงราย.md","รับซื้อ-iphone-เชียงราย","false","108"
"รับซื้อ-iphone-เชียงใหม่.md","รับซื้อ-iphone-เชียงใหม่","false","117"
"รับซื้อ-keyboard.md","รับซื้อ-keyboard","false","42"
"รับซื้อ-laptop-gaming.md","รับซื้อ-laptop-gaming","false","54"
"รับซื้อ-lenovo-notebook.md","รับซื้อ-lenovo-notebook","false","187"
"รับซื้อ-lenovo-อุบล.md","รับซื้อ-lenovo-อุบล","false","100"
"รับซื้อ-mac-mini.md","รับซื้อ-mac-mini","false","64"
"รับซื้อ-mac-pro.md","รับซื้อ-mac-pro","false","62"
"รับซื้อ-mac-studio.md","รับซื้อ-mac-studio","false","62"
"รับซื้อ-macbook-air-m3.md","รับซื้อ-macbook-air-m3","false","109"
"รับซื้อ-macbook-air.md","รับซื้อ-macbook-air","false","66"
"รับซื้อ-macbook-pro-m3.md","รับซื้อ-macbook-pro-m3","false","113"
"รับซื้อ-macbook-pro-m4.md","รับซื้อ-macbook-pro-m4","false","113"
"รับซื้อ-macbook-pro-ขอนแก่น.md","รับซื้อ-macbook-pro-ขอนแก่น","true","5"
"รับซื้อ-macbook-pro.md","รับซื้อ-macbook-pro","false","67"
"รับซื้อ-macbook-จตุจักร.md","รับซื้อ-macbook-จตุจักร","false","89"
"รับซื้อ-macbook-ชลบุรี.md","รับซื้อ-macbook-ชลบุรี","false","113"
"รับซื้อ-macbook-นครปฐม.md","รับซื้อ-macbook-นครปฐม","false","96"
"รับซื้อ-macbook-นครศรีธรรมราช.md","รับซื้อ-macbook-นครศรีธรรมราช","false","93"
"รับซื้อ-macbook-นนทบุรี.md","รับซื้อ-macbook-นนทบุรี","false","108"
"รับซื้อ-macbook-ปทุมธานี.md","รับซื้อ-macbook-ปทุมธานี","false","108"
"รับซื้อ-macbook-พระนครศรีอยุธยา.md","รับซื้อ-macbook-พระนครศรีอยุธยา","false","60"
"รับซื้อ-macbook-พระโขนง.md","รับซื้อ-macbook-พระโขนง","false","87"
"รับซื้อ-macbook-พิษณุโลก.md","รับซื้อ-macbook-พิษณุโลก","false","103"
"รับซื้อ-macbook-ภูเก็ต.md","รับซื้อ-macbook-ภูเก็ต","false","116"
"รับซื้อ-macbook-ระยอง.md","รับซื้อ-macbook-ระยอง","false","103"
"รับซื้อ-macbook-ลาดพร้าว.md","รับซื้อ-macbook-ลาดพร้าว","false","87"
"รับซื้อ-macbook-ลำปาง.md","รับซื้อ-macbook-ลำปาง","false","141"
"รับซื้อ-macbook-วังทองหลาง.md","รับซื้อ-macbook-วังทองหลาง","false","88"
"รับซื้อ-macbook-สงขลา.md","รับซื้อ-macbook-สงขลา","false","91"
"รับซื้อ-macbook-สารคาม.md","รับซื้อ-macbook-สารคาม","true","5"
"รับซื้อ-macbook-สุราษฎร์ธานี.md","รับซื้อ-macbook-สุราษฎร์ธานี","false","91"
"รับซื้อ-macbook-หาดใหญ่.md","รับซื้อ-macbook-หาดใหญ่","false","113"
"รับซื้อ-macbook-ห้วยขวาง.md","รับซื้อ-macbook-ห้วยขวาง","false","88"
"รับซื้อ-macbook-อุบลราชธานี-ปัจจัยราคา-2026.md","รับซื้อ-macbook-อุบลราชธานี-ปัจจัยราคา-2026","true","291"
"รับซื้อ-macbook-เชียงราย.md","รับซื้อ-macbook-เชียงราย","false","141"
"รับซื้อ-macbook-เชียงใหม่.md","รับซื้อ-macbook-เชียงใหม่","false","125"
"รับซื้อ-magic-keyboard.md","รับซื้อ-magic-keyboard","false","68"
"รับซื้อ-magic-mouse.md","รับซื้อ-magic-mouse","false","66"
"รับซื้อ-mainboard.md","รับซื้อ-mainboard","false","48"
"รับซื้อ-microsoft-surface.md","รับซื้อ-microsoft-surface","false","64"
"รับซื้อ-mikrotik.md","รับซื้อ-mikrotik","false","63"
"รับซื้อ-mini-pc.md","รับซื้อ-mini-pc","false","60"
"รับซื้อ-mouse.md","รับซื้อ-mouse","false","46"
"รับซื้อ-nas-storage.md","รับซื้อ-nas-storage","false","88"
"รับซื้อ-netapp-storage.md","รับซื้อ-netapp-storage","false","62"
"รับซื้อ-netgear.md","รับซื้อ-netgear","false","65"
"รับซื้อ-network-switch.md","รับซื้อ-network-switch","false","55"
"รับซื้อ-notebook-gigabyte.md","รับซื้อ-notebook-gigabyte","false","52"
"รับซื้อ-notebook-msi.md","รับซื้อ-notebook-msi","false","52"
"รับซื้อ-notebook-จอแตก.md","รับซื้อ-notebook-จอแตก","false","50"
"รับซื้อ-notebook-ชุมแพ-ขอนแก่น.md","รับซื้อ-notebook-ชุมแพ-ขอนแก่น","true","4"
"รับซื้อ-notebook-อำเภอพล-ขอนแก่น.md","รับซื้อ-notebook-อำเภอพล-ขอนแก่น","true","4"
"รับซื้อ-notebook-เกมมิ่ง.md","รับซื้อ-notebook-เกมมิ่ง","false","55"
"รับซื้อ-notebook-เสีย.md","รับซื้อ-notebook-เสีย","false","52"
"รับซื้อ-nuc-pc.md","รับซื้อ-nuc-pc","false","57"
"รับซื้อ-oppo-มือสอง.md","รับซื้อ-oppo-มือสอง","false","131"
"รับซื้อ-oppo-อุดรธานี.md","รับซื้อ-oppo-อุดรธานี","false","225"
"รับซื้อ-oppo-อุบล.md","รับซื้อ-oppo-อุบล","false","212"
"รับซื้อ-pc-acer.md","รับซื้อ-pc-acer","false","56"
"รับซื้อ-pc-aio.md","รับซื้อ-pc-aio","false","54"
"รับซื้อ-pc-all-in-one.md","รับซื้อ-pc-all-in-one","false","58"
"รับซื้อ-pc-dell.md","รับซื้อ-pc-dell","false","56"
"รับซื้อ-pc-hp.md","รับซื้อ-pc-hp","false","57"
"รับซื้อ-pc-lenovo.md","รับซื้อ-pc-lenovo","false","55"
"รับซื้อ-pc-workstation.md","รับซื้อ-pc-workstation","false","54"
"รับซื้อ-power-supply.md","รับซื้อ-power-supply","false","49"
"รับซื้อ-projector.md","รับซื้อ-projector","false","96"
"รับซื้อ-qnap.md","รับซื้อ-qnap","false","39"
"รับซื้อ-ram-ecc.md","รับซื้อ-ram-ecc","false","75"
"รับซื้อ-ram-notebook.md","รับซื้อ-ram-notebook","false","70"
"รับซื้อ-ram-pc.md","รับซื้อ-ram-pc","false","72"
"รับซื้อ-ram-server.md","รับซื้อ-ram-server","false","55"
"รับซื้อ-ram.md","รับซื้อ-ram","false","72"
"รับซื้อ-redmi-pad.md","รับซื้อ-redmi-pad","false","64"
"รับซื้อ-router.md","รับซื้อ-router","false","56"
"รับซื้อ-ruijie.md","รับซื้อ-ruijie","false","64"
"รับซื้อ-samsung-tablet.md","รับซื้อ-samsung-tablet","false","65"
"รับซื้อ-samsung-มือสอง.md","รับซื้อ-samsung-มือสอง","false","325"
"รับซื้อ-server-cisco.md","รับซื้อ-server-cisco","false","82"
"รับซื้อ-server-dell.md","รับซื้อ-server-dell","false","83"
"รับซื้อ-server-fujitsu.md","รับซื้อ-server-fujitsu","false","78"
"รับซื้อ-server-hitachi.md","รับซื้อ-server-hitachi","false","76"
"รับซื้อ-server-hp.md","รับซื้อ-server-hp","false","85"
"รับซื้อ-server-huawei.md","รับซื้อ-server-huawei","false","81"
"รับซื้อ-server-ibm.md","รับซื้อ-server-ibm","false","88"
"รับซื้อ-server-lenovo.md","รับซื้อ-server-lenovo","false","81"
"รับซื้อ-server-oracle.md","รับซื้อ-server-oracle","false","84"
"รับซื้อ-server-supermicro.md","รับซื้อ-server-supermicro","false","90"
"รับซื้อ-server-กรุงเทพมหานคร.md","รับซื้อ-server-กรุงเทพมหานคร","false","122"
"รับซื้อ-server-ขอนแก่น.md","รับซื้อ-server-ขอนแก่น","false","123"
"รับซื้อ-server-นครราชสีมา.md","รับซื้อ-server-นครราชสีมา","false","123"
"รับซื้อ-server-มือสอง.md","รับซื้อ-server-มือสอง","false","177"
"รับซื้อ-server-อุบลราชธานี.md","รับซื้อ-server-อุบลราชธานี","false","123"
"รับซื้อ-server-เชียงใหม่.md","รับซื้อ-server-เชียงใหม่","false","121"
"รับซื้อ-server-เสีย.md","รับซื้อ-server-เสีย","false","81"
"รับซื้อ-smart-tv.md","รับซื้อ-smart-tv","false","108"
"รับซื้อ-ssd-adata.md","รับซื้อ-ssd-adata","false","65"
"รับซื้อ-ssd-apacer.md","รับซื้อ-ssd-apacer","false","64"
"รับซื้อ-ssd-corsair.md","รับซื้อ-ssd-corsair","false","65"
"รับซื้อ-ssd-crucial.md","รับซื้อ-ssd-crucial","false","65"
"รับซื้อ-ssd-intel.md","รับซื้อ-ssd-intel","false","64"
"รับซื้อ-ssd-kingston.md","รับซื้อ-ssd-kingston","false","65"
"รับซื้อ-ssd-kioxia.md","รับซื้อ-ssd-kioxia","false","64"
"รับซื้อ-ssd-lexar.md","รับซื้อ-ssd-lexar","false","64"
"รับซื้อ-ssd-m2.md","รับซื้อ-ssd-m2","false","71"
"รับซื้อ-ssd-micron.md","รับซื้อ-ssd-micron","false","65"
"รับซื้อ-ssd-nvme.md","รับซื้อ-ssd-nvme","false","68"
"รับซื้อ-ssd-samsung.md","รับซื้อ-ssd-samsung","false","69"
"รับซื้อ-ssd-sandisk.md","รับซื้อ-ssd-sandisk","false","67"
"รับซื้อ-ssd-seagate.md","รับซื้อ-ssd-seagate","false","64"
"รับซื้อ-ssd-server.md","รับซื้อ-ssd-server","false","59"
"รับซื้อ-ssd-toshiba.md","รับซื้อ-ssd-toshiba","false","64"
"รับซื้อ-ssd-transcend.md","รับซื้อ-ssd-transcend","false","64"
"รับซื้อ-ssd-wd.md","รับซื้อ-ssd-wd","false","73"
"รับซื้อ-ssd-western.md","รับซื้อ-ssd-western","false","69"
"รับซื้อ-ssd-xpg.md","รับซื้อ-ssd-xpg","false","68"
"รับซื้อ-ssd.md","รับซื้อ-ssd","false","99"
"รับซื้อ-storage-server.md","รับซื้อ-storage-server","false","59"
"รับซื้อ-switch.md","รับซื้อ-switch","false","55"
"รับซื้อ-synology.md","รับซื้อ-synology","false","40"
"รับซื้อ-tablet-สำนักงาน.md","รับซื้อ-tablet-สำนักงาน","false","65"
"รับซื้อ-tablet.md","รับซื้อ-tablet","false","65"
"รับซื้อ-ubiquiti.md","รับซื้อ-ubiquiti","false","68"
"รับซื้อ-ups-apc.md","รับซื้อ-ups-apc","false","63"
"รับซื้อ-ups-cleanline.md","รับซื้อ-ups-cleanline","false","55"
"รับซื้อ-ups-cyberpower.md","รับซื้อ-ups-cyberpower","false","59"
"รับซื้อ-ups-dell.md","รับซื้อ-ups-dell","false","59"
"รับซื้อ-ups-eaton.md","รับซื้อ-ups-eaton","false","59"
"รับซื้อ-ups-huawei.md","รับซื้อ-ups-huawei","false","58"
"รับซื้อ-ups-leonics.md","รับซื้อ-ups-leonics","false","55"
"รับซื้อ-ups-prolink.md","รับซื้อ-ups-prolink","false","55"
"รับซื้อ-ups-rack.md","รับซื้อ-ups-rack","false","60"
"รับซื้อ-ups-schneider.md","รับซื้อ-ups-schneider","false","61"
"รับซื้อ-ups-server.md","รับซื้อ-ups-server","false","64"
"รับซื้อ-ups-syndome.md","รับซื้อ-ups-syndome","false","55"
"รับซื้อ-ups-true-online.md","รับซื้อ-ups-true-online","false","63"
"รับซื้อ-ups-zircon.md","รับซื้อ-ups-zircon","false","55"
"รับซื้อ-ups-กรุงเทพมหานคร.md","รับซื้อ-ups-กรุงเทพมหานคร","false","113"
"รับซื้อ-ups-ขอนแก่น.md","รับซื้อ-ups-ขอนแก่น","false","114"
"รับซื้อ-ups-นครราชสีมา.md","รับซื้อ-ups-นครราชสีมา","false","114"
"รับซื้อ-ups-ปิดกิจการ.md","รับซื้อ-ups-ปิดกิจการ","false","57"
"รับซื้อ-ups-อุบลราชธานี.md","รับซื้อ-ups-อุบลราชธานี","false","114"
"รับซื้อ-ups-เชียงใหม่.md","รับซื้อ-ups-เชียงใหม่","false","114"
"รับซื้อ-ups.md","รับซื้อ-ups","false","109"
"รับซื้อ-vivo-มือสอง.md","รับซื้อ-vivo-มือสอง","false","204"
"รับซื้อ-vivo-อุบล.md","รับซื้อ-vivo-อุบล","false","212"
"รับซื้อ-xiaomi-tablet.md","รับซื้อ-xiaomi-tablet","false","65"
"รับซื้อ-xiaomi-มือสอง.md","รับซื้อ-xiaomi-มือสอง","false","140"
"รับซื้อ-xiaomi-อุบล.md","รับซื้อ-xiaomi-อุบล","false","206"
"รับซื้อ-xiaomi-โคราช.md","รับซื้อ-xiaomi-โคราช","false","230"
"รับซื้อ-zyxel.md","รับซื้อ-zyxel","false","65"
"รับซื้อmacbook-ขอนแก่น.md","รับซื้อmacbook-ขอนแก่น","true","5"
"รับซื้อmacbook-อุดรธานี.md","รับซื้อmacbook-อุดรธานี","true","5"
"รับซื้อกล้อง-ยโสธร.md","รับซื้อกล้อง-ยโสธร","true","3"
"รับซื้อกล้อง-ร้อยเอ็ด.md","รับซื้อกล้อง-ร้อยเอ็ด","true","3"
"รับซื้อกล้อง-อุดรธานี.md","รับซื้อกล้อง-อุดรธานี","false","587"
"รับซื้อกล้องอุบล-กล้องcanon-niko.md","รับซื้อกล้องอุบล-กล้องcanon-niko","true","3"
"รับซื้อการ์ดจอ.md","รับซื้อการ์ดจอ","false","53"
"รับซื้อของย้ายบ้าน.md","รับซื้อของย้ายบ้าน","false","45"
"รับซื้อคอม-ขอนแก่น.md","รับซื้อคอม-ขอนแก่น","false","575"
"รับซื้อคอม-สารคาม.md","รับซื้อคอม-สารคาม","true","3"
"รับซื้อคอม-อุดรธานี.md","รับซื้อคอม-อุดรธานี","false","500"
"รับซื้อคอม-เชียงใหม่.md","รับซื้อคอม-เชียงใหม่","false","79"
"รับซื้อคอม-โคราช.md","รับซื้อคอม-โคราช","false","389"
"รับซื้อคอมตกรุ่น.md","รับซื้อคอมตกรุ่น","false","48"
"รับซื้อคอมตัดต่อ.md","รับซื้อคอมตัดต่อ","false","50"
"รับซื้อคอมตั้งโต๊ะ.md","รับซื้อคอมตั้งโต๊ะ","false","49"
"รับซื้อคอมทำงาน.md","รับซื้อคอมทำงาน","false","49"
"รับซื้อคอมทำงานกราฟิก.md","รับซื้อคอมทำงานกราฟิก","false","49"
"รับซื้อคอมบริษัท.md","รับซื้อคอมบริษัท","false","50"
"รับซื้อคอมประกอบบริษัท.md","รับซื้อคอมประกอบบริษัท","false","47"
"รับซื้อคอมประกอบร้านเกม.md","รับซื้อคอมประกอบร้านเกม","false","47"
"รับซื้อคอมประกอบออฟฟิศ.md","รับซื้อคอมประกอบออฟฟิศ","false","47"
"รับซื้อคอมปลดระวาง.md","รับซื้อคอมปลดระวาง","false","47"
"รับซื้อคอมยกชุด.md","รับซื้อคอมยกชุด","false","50"
"รับซื้อคอมร้านเกม.md","รับซื้อคอมร้านเกม","false","48"
"รับซื้อคอมสตรีมเกม.md","รับซื้อคอมสตรีมเกม","false","51"
"รับซื้อคอมสเปคสูง.md","รับซื้อคอมสเปคสูง","false","51"
"รับซื้อคอมองค์กร.md","รับซื้อคอมองค์กร","false","49"
"รับซื้อคอมออฟฟิศ.md","รับซื้อคอมออฟฟิศ","false","48"
"รับซื้อคอมเกมมิ่งประกอบ.md","รับซื้อคอมเกมมิ่งประกอบ","false","46"
"รับซื้อคอมเก่าจากสำนักงาน.md","รับซื้อคอมเก่าจากสำนักงาน","false","49"
"รับซื้อคอมเล่นเกม.md","รับซื้อคอมเล่นเกม","false","48"
"รับซื้อคอมเสีย.md","รับซื้อคอมเสีย","false","50"
"รับซื้อคอมแบรนด์.md","รับซื้อคอมแบรนด์","false","54"
"รับซื้อคอมโรงงาน.md","รับซื้อคอมโรงงาน","false","49"
"รับซื้อคอมโรงเรียน.md","รับซื้อคอมโรงเรียน","false","47"
"รับซื้อคีย์บอร์ด.md","รับซื้อคีย์บอร์ด","false","40"
"รับซื้อจอคอมพิวเตอร์.md","รับซื้อจอคอมพิวเตอร์","false","58"
"รับซื้อชุดน้ำคอม-gaming.md","รับซื้อชุดน้ำคอม-gaming","false","53"
"รับซื้อซัมซุง-ขอนแก่น.md","รับซื้อซัมซุง-ขอนแก่น","false","221"
"รับซื้อซาก-notebook.md","รับซื้อซาก-notebook","false","50"
"รับซื้อซาก-server.md","รับซื้อซาก-server","false","74"
"รับซื้อซากคอมพิวเตอร์.md","รับซื้อซากคอมพิวเตอร์","false","47"
"รับซื้อซากโน๊ตบุ๊ค.md","รับซื้อซากโน๊ตบุ๊ค","false","47"
"รับซื้อตู้-rack-server.md","รับซื้อตู้-rack-server","false","58"
"รับซื้อทรัพย์สินไอทีบริษัท.md","รับซื้อทรัพย์สินไอทีบริษัท","false","121"
"รับซื้อพัดลม.md","รับซื้อพัดลม","false","47"
"รับซื้อมือถือ-android.md","รับซื้อมือถือ-android","false","66"
"รับซื้อมือถือ-honor.md","รับซื้อมือถือ-honor","false","60"
"รับซื้อมือถือ-huawei.md","รับซื้อมือถือ-huawei","false","62"
"รับซื้อมือถือ-oppo.md","รับซื้อมือถือ-oppo","false","63"
"รับซื้อมือถือ-poco.md","รับซื้อมือถือ-poco","false","62"
"รับซื้อมือถือ-realme.md","รับซื้อมือถือ-realme","false","61"
"รับซื้อมือถือ-samsung.md","รับซื้อมือถือ-samsung","false","66"
"รับซื้อมือถือ-vivo.md","รับซื้อมือถือ-vivo","false","64"
"รับซื้อมือถือ-xiaomi.md","รับซื้อมือถือ-xiaomi","false","62"
"รับซื้อสาย-lan.md","รับซื้อสาย-lan","false","55"
"รับซื้อหูฟังเกมมิ่ง.md","รับซื้อหูฟังเกมมิ่ง","false","53"
"รับซื้ออะไหล่คอม.md","รับซื้ออะไหล่คอม","false","54"
"รับซื้ออุปกรณ์-gaming.md","รับซื้ออุปกรณ์-gaming","false","52"
"รับซื้ออุปกรณ์-network.md","รับซื้ออุปกรณ์-network","false","57"
"รับซื้ออุปกรณ์ไอที.md","รับซื้ออุปกรณ์ไอที","false","50"
"รับซื้ออุปกรณ์ไอทีเก่าบริษัท.md","รับซื้ออุปกรณ์ไอทีเก่าบริษัท","false","82"
"รับซื้อเกมมิ่งเกียร์.md","รับซื้อเกมมิ่งเกียร์","false","53"
"รับซื้อเก้าอี้นวด.md","รับซื้อเก้าอี้นวด","false","47"
"รับซื้อเก้าอี้เกมมิ่ง.md","รับซื้อเก้าอี้เกมมิ่ง","false","51"
"รับซื้อเครื่องกรองน้ำ.md","รับซื้อเครื่องกรองน้ำ","false","44"
"รับซื้อเครื่องชงกาแฟ.md","รับซื้อเครื่องชงกาแฟ","false","49"
"รับซื้อเครื่องบดกาแฟ.md","รับซื้อเครื่องบดกาแฟ","false","48"
"รับซื้อเครื่องฟอกอากาศ.md","รับซื้อเครื่องฟอกอากาศ","false","49"
"รับซื้อเครื่องสำรองไฟ.md","รับซื้อเครื่องสำรองไฟ","false","53"
"รับซื้อเครื่องใช้ไฟฟ้า.md","รับซื้อเครื่องใช้ไฟฟ้า","false","45"
"รับซื้อเม้าส์.md","รับซื้อเม้าส์","false","41"
"รับซื้อแท็บเล็ต-android.md","รับซื้อแท็บเล็ต-android","false","65"
"รับซื้อแท็บเล็ต.md","รับซื้อแท็บเล็ต","false","64"
"รับซื้อแท็บเล็ตยกล็อต.md","รับซื้อแท็บเล็ตยกล็อต","false","62"
"รับซื้อแท็บเล็ตองค์กร.md","รับซื้อแท็บเล็ตองค์กร","false","60"
"รับซื้อแท็บเล็ตโรงเรียน.md","รับซื้อแท็บเล็ตโรงเรียน","false","61"
"รับซื้อแท็บเล็ตใส่ซิม.md","รับซื้อแท็บเล็ตใส่ซิม","false","62"
"รับซื้อแบตเตอรี่-ups.md","รับซื้อแบตเตอรี่-ups","false","61"
"รับซื้อแมคบุ๊ค-กาฬสินธุ์.md","รับซื้อแมคบุ๊ค-กาฬสินธุ์","false","126"
"รับซื้อแมคบุ๊ค-ขอนแก่น.md","รับซื้อแมคบุ๊ค-ขอนแก่น","false","393"
"รับซื้อแมคบุ๊ค-ชัยภูมิ.md","รับซื้อแมคบุ๊ค-ชัยภูมิ","false","130"
"รับซื้อแมคบุ๊ค-นครพนม.md","รับซื้อแมคบุ๊ค-นครพนม","false","126"
"รับซื้อแมคบุ๊ค-บึงกาฬ.md","รับซื้อแมคบุ๊ค-บึงกาฬ","false","126"
"รับซื้อแมคบุ๊ค-บุรีรัมย์.md","รับซื้อแมคบุ๊ค-บุรีรัมย์","false","126"
"รับซื้อแมคบุ๊ค-มหาสารคาม.md","รับซื้อแมคบุ๊ค-มหาสารคาม","false","126"
"รับซื้อแมคบุ๊ค-มุกดาหาร.md","รับซื้อแมคบุ๊ค-มุกดาหาร","false","126"
"รับซื้อแมคบุ๊ค-ยโสธร.md","รับซื้อแมคบุ๊ค-ยโสธร","false","126"
"รับซื้อแมคบุ๊ค-ร้อยเอ็ด.md","รับซื้อแมคบุ๊ค-ร้อยเอ็ด","false","126"
"รับซื้อแมคบุ๊ค-ศรีสะเกษ.md","รับซื้อแมคบุ๊ค-ศรีสะเกษ","false","126"
"รับซื้อแมคบุ๊ค-สกลนคร.md","รับซื้อแมคบุ๊ค-สกลนคร","false","126"
"รับซื้อแมคบุ๊ค-สุรินทร์.md","รับซื้อแมคบุ๊ค-สุรินทร์","false","126"
"รับซื้อแมคบุ๊ค-หนองคาย.md","รับซื้อแมคบุ๊ค-หนองคาย","false","126"
"รับซื้อแมคบุ๊ค-หนองบัวลำภู.md","รับซื้อแมคบุ๊ค-หนองบัวลำภู","false","130"
"รับซื้อแมคบุ๊ค-อำนาจเจริญ.md","รับซื้อแมคบุ๊ค-อำนาจเจริญ","false","126"
"รับซื้อแมคบุ๊ค-อุดรธานี.md","รับซื้อแมคบุ๊ค-อุดรธานี","false","679"
"รับซื้อแมคบุ๊ค-อุบลราชธานี.md","รับซื้อแมคบุ๊ค-อุบลราชธานี","false","126"
"รับซื้อแมคบุ๊ค-เลย.md","รับซื้อแมคบุ๊ค-เลย","false","126"
"รับซื้อแมคบุ๊ค-โคราช.md","รับซื้อแมคบุ๊ค-โคราช","false","418"
"รับซื้อแรม.md","รับซื้อแรม","false","67"
"รับซื้อแอร์.md","รับซื้อแอร์","false","49"
"รับซื้อโต๊ะ-gaming.md","รับซื้อโต๊ะ-gaming","false","50"
"รับซื้อโน๊ตบุ๊ค-notebook-ยโสธร.md","รับซื้อโน๊ตบุ๊ค-notebook-ยโสธร","true","3"
"รับซื้อโน๊ตบุ๊ค-กาฬสินธุ์.md","รับซื้อโน๊ตบุ๊ค-กาฬสินธุ์","false","132"
"รับซื้อโน๊ตบุ๊ค-ขอนแก่น.md","รับซื้อโน๊ตบุ๊ค-ขอนแก่น","false","422"
"รับซื้อโน๊ตบุ๊ค-ชัยภูมิ.md","รับซื้อโน๊ตบุ๊ค-ชัยภูมิ","false","134"
"รับซื้อโน๊ตบุ๊ค-นครพนม.md","รับซื้อโน๊ตบุ๊ค-นครพนม","false","132"
"รับซื้อโน๊ตบุ๊ค-นนทบุรี.md","รับซื้อโน๊ตบุ๊ค-นนทบุรี","false","110"
"รับซื้อโน๊ตบุ๊ค-บึงกาฬ.md","รับซื้อโน๊ตบุ๊ค-บึงกาฬ","false","132"
"รับซื้อโน๊ตบุ๊ค-บุรีรัมย์.md","รับซื้อโน๊ตบุ๊ค-บุรีรัมย์","false","132"
"รับซื้อโน๊ตบุ๊ค-พิษณุโลก.md","รับซื้อโน๊ตบุ๊ค-พิษณุโลก","false","103"
"รับซื้อโน๊ตบุ๊ค-ภูเก็ต.md","รับซื้อโน๊ตบุ๊ค-ภูเก็ต","false","121"
"รับซื้อโน๊ตบุ๊ค-มหาสารคาม.md","รับซื้อโน๊ตบุ๊ค-มหาสารคาม","false","132"
"รับซื้อโน๊ตบุ๊ค-มุกดาหาร.md","รับซื้อโน๊ตบุ๊ค-มุกดาหาร","false","132"
"รับซื้อโน๊ตบุ๊ค-ยโสธร.md","รับซื้อโน๊ตบุ๊ค-ยโสธร","false","132"
"รับซื้อโน๊ตบุ๊ค-ระยอง.md","รับซื้อโน๊ตบุ๊ค-ระยอง","false","16"
"รับซื้อโน๊ตบุ๊ค-ร้อยเอ็ด.md","รับซื้อโน๊ตบุ๊ค-ร้อยเอ็ด","false","132"
"รับซื้อโน๊ตบุ๊ค-ศรีสะเกษ.md","รับซื้อโน๊ตบุ๊ค-ศรีสะเกษ","false","132"
"รับซื้อโน๊ตบุ๊ค-สกลนคร.md","รับซื้อโน๊ตบุ๊ค-สกลนคร","false","132"
"รับซื้อโน๊ตบุ๊ค-สุรินทร์.md","รับซื้อโน๊ตบุ๊ค-สุรินทร์","false","132"
"รับซื้อโน๊ตบุ๊ค-หนองคาย.md","รับซื้อโน๊ตบุ๊ค-หนองคาย","false","132"
"รับซื้อโน๊ตบุ๊ค-หนองบัวลำภู.md","รับซื้อโน๊ตบุ๊ค-หนองบัวลำภู","false","134"
"รับซื้อโน๊ตบุ๊ค-หาดใหญ่.md","รับซื้อโน๊ตบุ๊ค-หาดใหญ่","false","113"
"รับซื้อโน๊ตบุ๊ค-อำนาจเจริญ.md","รับซื้อโน๊ตบุ๊ค-อำนาจเจริญ","false","132"
"รับซื้อโน๊ตบุ๊ค-อุดรธานี.md","รับซื้อโน๊ตบุ๊ค-อุดรธานี","false","387"
"รับซื้อโน๊ตบุ๊ค-เชียงราย.md","รับซื้อโน๊ตบุ๊ค-เชียงราย","false","93"
"รับซื้อโน๊ตบุ๊ค-เชียงใหม่.md","รับซื้อโน๊ตบุ๊ค-เชียงใหม่","false","123"
"รับซื้อโน๊ตบุ๊ค-เลย.md","รับซื้อโน๊ตบุ๊ค-เลย","false","132"
"รับซื้อโน๊ตบุ๊คจอแตก.md","รับซื้อโน๊ตบุ๊คจอแตก","false","49"
"รับซื้อโน๊ตบุ๊คบริษัท.md","รับซื้อโน๊ตบุ๊คบริษัท","false","49"
"รับซื้อโน๊ตบุ๊คยกล็อต.md","รับซื้อโน๊ตบุ๊คยกล็อต","false","49"
"รับซื้อโน๊ตบุ๊คเกมมิ่ง.md","รับซื้อโน๊ตบุ๊คเกมมิ่ง","false","47"
"รับซื้อโน๊ตบุ๊คเสีย.md","รับซื้อโน๊ตบุ๊คเสีย","false","51"
"รับซื้อไดสัน.md","รับซื้อไดสัน","false","49"
"รับซื้อไมโครติก.md","รับซื้อไมโครติก","false","63"
"รับซื้อไอแพด-กาฬสินธุ์.md","รับซื้อไอแพด-กาฬสินธุ์","false","112"
"รับซื้อไอแพด-ขอนแก่น-ipad.md","รับซื้อไอแพด-ขอนแก่น-ipad","true","4"
"รับซื้อไอแพด-ขอนแก่น.md","รับซื้อไอแพด-ขอนแก่น","false","361"
"รับซื้อไอแพด-ชัยภูมิ.md","รับซื้อไอแพด-ชัยภูมิ","false","116"
"รับซื้อไอแพด-นครพนม.md","รับซื้อไอแพด-นครพนม","false","112"
"รับซื้อไอแพด-บึงกาฬ.md","รับซื้อไอแพด-บึงกาฬ","false","112"
"รับซื้อไอแพด-บุรีรัมย์.md","รับซื้อไอแพด-บุรีรัมย์","false","112"
"รับซื้อไอแพด-มหาสารคาม.md","รับซื้อไอแพด-มหาสารคาม","false","112"
"รับซื้อไอแพด-มุกดาหาร.md","รับซื้อไอแพด-มุกดาหาร","false","112"
"รับซื้อไอแพด-ยโสธร-ipad.md","รับซื้อไอแพด-ยโสธร-ipad","true","5"
"รับซื้อไอแพด-ยโสธร.md","รับซื้อไอแพด-ยโสธร","false","112"
"รับซื้อไอแพด-ร้อยเอ็ด.md","รับซื้อไอแพด-ร้อยเอ็ด","false","112"
"รับซื้อไอแพด-ศรีสะเกษ.md","รับซื้อไอแพด-ศรีสะเกษ","false","112"
"รับซื้อไอแพด-สกลนคร.md","รับซื้อไอแพด-สกลนคร","false","112"
"รับซื้อไอแพด-สุรินทร์.md","รับซื้อไอแพด-สุรินทร์","false","112"
"รับซื้อไอแพด-หนองคาย.md","รับซื้อไอแพด-หนองคาย","false","112"
"รับซื้อไอแพด-หนองบัวลำภู.md","รับซื้อไอแพด-หนองบัวลำภู","false","116"
"รับซื้อไอแพด-อำนาจเจริญ.md","รับซื้อไอแพด-อำนาจเจริญ","false","112"
"รับซื้อไอแพด-อุดรธานี.md","รับซื้อไอแพด-อุดรธานี","false","112"
"รับซื้อไอแพด-เลย.md","รับซื้อไอแพด-เลย","false","112"
"รับซื้อไอแพด-โคราช.md","รับซื้อไอแพด-โคราช","false","112"
"รับซื้อไอแมค.md","รับซื้อไอแมค","false","65"
"รับซื้อไอโฟน-iphone-ร้อยเอ็ด.md","รับซื้อไอโฟน-iphone-ร้อยเอ็ด","true","5"
"รับซื้อไอโฟน-กาฬสินธุ์.md","รับซื้อไอโฟน-กาฬสินธุ์","false","94"
"รับซื้อไอโฟน-ขอนแก่น.md","รับซื้อไอโฟน-ขอนแก่น","false","94"
"รับซื้อไอโฟน-ชัยภูมิ.md","รับซื้อไอโฟน-ชัยภูมิ","false","98"
"รับซื้อไอโฟน-นครพนม.md","รับซื้อไอโฟน-นครพนม","false","94"
"รับซื้อไอโฟน-บึงกาฬ.md","รับซื้อไอโฟน-บึงกาฬ","false","94"
"รับซื้อไอโฟน-บุรีรัมย์.md","รับซื้อไอโฟน-บุรีรัมย์","false","94"
"รับซื้อไอโฟน-มหาสารคาม.md","รับซื้อไอโฟน-มหาสารคาม","false","94"
"รับซื้อไอโฟน-มุกดาหาร.md","รับซื้อไอโฟน-มุกดาหาร","false","94"
"รับซื้อไอโฟน-ยโสธร.md","รับซื้อไอโฟน-ยโสธร","false","94"
"รับซื้อไอโฟน-ร้อยเอ็ด.md","รับซื้อไอโฟน-ร้อยเอ็ด","false","94"
"รับซื้อไอโฟน-ศรีสะเกษ.md","รับซื้อไอโฟน-ศรีสะเกษ","false","94"
"รับซื้อไอโฟน-สกลนคร.md","รับซื้อไอโฟน-สกลนคร","false","94"
"รับซื้อไอโฟน-สุรินทร์.md","รับซื้อไอโฟน-สุรินทร์","false","94"
"รับซื้อไอโฟน-หนองคาย.md","รับซื้อไอโฟน-หนองคาย","false","94"
"รับซื้อไอโฟน-หนองบัวลำภู.md","รับซื้อไอโฟน-หนองบัวลำภู","false","98"
"รับซื้อไอโฟน-อำนาจเจริญ.md","รับซื้อไอโฟน-อำนาจเจริญ","false","94"
"รับซื้อไอโฟน-อุดรธานี.md","รับซื้อไอโฟน-อุดรธานี","false","81"
"รับซื้อไอโฟน-เลย.md","รับซื้อไอโฟน-เลย","false","94"
"รับซื้อไอโฟน-โคราช.md","รับซื้อไอโฟน-โคราช","false","436"
"รับประมูลคอมพิวเตอร์.md","รับประมูลคอมพิวเตอร์","false","53"
"รับประมูลงานคอมพิวเตอร์.md","รับประมูลงานคอมพิวเตอร์","false","51"
"รับประมูลโน๊ตบุ๊ค.md","รับประมูลโน๊ตบุ๊ค","false","48"
"รับเหมาคอมพิวเตอร์.md","รับเหมาคอมพิวเตอร์","false","88"
"รับเหมาคอมสำนักงาน.md","รับเหมาคอมสำนักงาน","false","72"
"รับเหมาอุปกรณ์ไอที-กรุงเทพมหานคร.md","รับเหมาอุปกรณ์ไอที-กรุงเทพมหานคร","false","80"
"รับเหมาอุปกรณ์ไอที-ขอนแก่น.md","รับเหมาอุปกรณ์ไอที-ขอนแก่น","false","81"
"รับเหมาอุปกรณ์ไอที-เชียงใหม่.md","รับเหมาอุปกรณ์ไอที-เชียงใหม่","false","81"
"รับเหมาอุปกรณ์ไอที.md","รับเหมาอุปกรณ์ไอที","false","123"
"ร้านรับซื้อไอที-ประเมินราคาจากอะไร.md","ร้านรับซื้อไอที-ประเมินราคาจากอะไร","true","164"
"ส่งเครื่องให้ร้านประเมิน-ปลอดภัยไหม.md","ส่งเครื่องให้ร้านประเมิน-ปลอดภัยไหม","true","152"
"โน๊ตบุ๊ค-i5-มือสอง-ขายได้กี่บาท.md","โน๊ตบุ๊ค-i5-มือสอง-ขายได้กี่บาท","true","210"
"โน๊ตบุ๊ค-เปิดไม่ติด-ขายได้ไหม.md","โน๊ตบุ๊ค-เปิดไม่ติด-ขายได้ไหม","true","150"
"โน๊ตบุ๊ค-ไม่มีที่ชาร์จ-ขายได้ไหม.md","โน๊ตบุ๊ค-ไม่มีที่ชาร์จ-ขายได้ไหม","true","120"
"โน๊ตบุ๊คเกมมิ่ง-มือสอง-ขายได้กี่บาท.md","โน๊ตบุ๊คเกมมิ่ง-มือสอง-ขายได้กี่บาท","true","186"
