File,Slug,WordCount,NoindexStatus,Category
"1090.md","รับซื้อไอแพด-แอร์-6-ipad-air-6-อุบล",181,true,"C (Thin Content)"
"1199.md","ขายโน๊ตบุ๊คอุบล",179,true,"C (Thin Content)"
"1230.md","ข้อดีที่ทำให้กล้อง-canon-eos-m50",38,true,"C (Thin Content)"
"1340.md","รับซ่อมคอมพิวเตอร์-ยโสธ",116,true,"C (Thin Content)"
"1352.md","10-อันดับ-กล้อง-fujifilm-ในตลาดมือ",37,true,"C (Thin Content)"
"1362.md","รับซื้อกล้อง-ได้เงินทัน",32,true,"C (Thin Content)"
"1452.md","fixcom-ubon",356,false,"B (Indexed Local)"
"1477.md","รับซื้อกล้องมือสอง-บุรี",33,true,"C (Thin Content)"
"1480.md","buy-camera-sisaket",33,true,"C (Thin Content)"
"1482.md","buy-camera-yasothon",33,true,"C (Thin Content)"
"1494.md","buy-camera-udon",32,true,"C (Thin Content)"
"1498.md","buy-camera-mukdahan",33,true,"C (Thin Content)"
"1500.md","buy-camera-nakonpanom",32,true,"C (Thin Content)"
"1502.md","buy-camera-sakonnakon",33,true,"C (Thin Content)"
"1504.md","buy-camera-bungkan",34,true,"C (Thin Content)"
"1508.md","buy-camera-chaiyaphum",33,true,"C (Thin Content)"
"1511.md","รับซื้อ-harddisk",40,true,"C (Thin Content)"
"1515.md","รับซื้อฮาร์ดดิส",38,true,"C (Thin Content)"
"1517.md","we-buy-harddisk",40,true,"C (Thin Content)"
"1519.md","รับซื้อ-harddisk-ใหม่",41,true,"C (Thin Content)"
"1528.md","รับซื้อคอม-พระนคร",85,true,"C (Thin Content)"
"1529.md","รับซื้อคอม-ดุสิต",81,true,"C (Thin Content)"
"1530.md","รับซื้อคอม-หนองจอก",53,true,"C (Thin Content)"
"1531.md","รับซื้อคอม-บางรัก",74,true,"C (Thin Content)"
"1532.md","รับซื้อคอม-บางเขน",56,true,"C (Thin Content)"
"1533.md","รับซื้อคอม-บางกะปิ",66,true,"C (Thin Content)"
"1534.md","รับซื้อคอม-ปทุมวัน",67,true,"C (Thin Content)"
"1535.md","รับซื้อคอม-ป้อมปราบศัตร",59,true,"C (Thin Content)"
"1536.md","รับซื้อคอม-พระโขนง",81,true,"C (Thin Content)"
"1537.md","รับซื้อคอม-ลาดพร้าว",52,true,"C (Thin Content)"
"1538.md","รับซื้อคอม-วัฒนา",81,true,"C (Thin Content)"
"1539.md","รับซื้อคอม-ห้วยขวาง",79,true,"C (Thin Content)"
"1540.md","รับซื้อคอม-บางซื่อ",98,true,"C (Thin Content)"
"1541.md","รับซื้อคอม-จตุจักร",81,true,"C (Thin Content)"
"1542.md","รับซื้อคอม-บางพลัด",82,true,"C (Thin Content)"
"1543.md","รับซื้อคอม-ดินแดง",91,true,"C (Thin Content)"
"1544.md","รับซื้อคอม-บึงกุ่ม",59,true,"C (Thin Content)"
"1545.md","รับซื้อคอม-สาทร",84,true,"C (Thin Content)"
"1546.md","รับซื้อคอม-ธนบุรี",82,true,"C (Thin Content)"
"1547.md","รับซื้อคอม-คลองสาน",54,true,"C (Thin Content)"
"1548.md","รับซื้อคอม-บางกอกใหญ่",78,true,"C (Thin Content)"
"1549.md","รับซื้อคอม-บางกอกน้อย",91,true,"C (Thin Content)"
"1550.md","รับซื้อคอม-บางขุนเทียน",66,true,"C (Thin Content)"
"1551.md","รับซื้อคอม-ภาษีเจริญ",53,true,"C (Thin Content)"
"1552.md","รับซื้อคอม-หนองแขม",52,true,"C (Thin Content)"
"1553.md","รับซื้อคอม-ราษฎร์บูรณะ",81,true,"C (Thin Content)"
"1554.md","รับซื้อคอม-บางคอแหลม",68,true,"C (Thin Content)"
"1555.md","รับซื้อคอม-บางแค",66,true,"C (Thin Content)"
"1556.md","รับซื้อคอม-หลักสี่",79,true,"C (Thin Content)"
"1557.md","รับซื้อคอม-สายไหม",53,true,"C (Thin Content)"
"1558.md","รับซื้อคอม-คันนายาว",50,true,"C (Thin Content)"
"1559.md","รับซื้อคอม-สะพานสูง",111,true,"C (Thin Content)"
"1560.md","รับซื้อคอม-บางนา",51,true,"C (Thin Content)"
"1561.md","รับซื้อคอม-ทวีวัฒนา",81,true,"C (Thin Content)"
"1562.md","รับซื้อคอม-ทุ่งครุ",83,true,"C (Thin Content)"
"1563.md","รับซื้อคอม-บางบอน",66,true,"C (Thin Content)"
"2086.md","รับซื้อวารินชำราบ",94,true,"C (Thin Content)"
"2087.md","รับซื้อเดชอุดม",71,true,"C (Thin Content)"
"2089.md","รับซื้อบ้านไผ่",53,true,"C (Thin Content)"
"2090.md","รับซื้อชุมแพ",72,true,"C (Thin Content)"
"2092.md","รับซื้อปากช่อง",69,true,"C (Thin Content)"
"2093.md","รับซื้อโนนสูง",71,true,"C (Thin Content)"
"2095.md","รับซื้อบ้านผือ",71,true,"C (Thin Content)"
"2096.md","รับซื้อหนองหาน",71,true,"C (Thin Content)"
"2098.md","รับซื้อกันทรวิชัย",92,true,"C (Thin Content)"
"2099.md","รับซื้อโกสุมพิสัย",104,true,"C (Thin Content)"
"2101.md","รับซื้อธวัชบุรี",63,true,"C (Thin Content)"
"2102.md","รับซื้อโพนทอง",95,true,"C (Thin Content)"
"2104.md","รับซื้อกันทรลักษ์",92,true,"C (Thin Content)"
"2105.md","รับซื้อขุขันธ์",61,true,"C (Thin Content)"
"2107.md","รับซื้อปราสาท",82,true,"C (Thin Content)"
"2108.md","รับซื้อรัตนบุรี",69,true,"C (Thin Content)"
"2110.md","รับซื้อนางรอง",92,true,"C (Thin Content)"
"2111.md","รับซื้อประโคนชัย",53,true,"C (Thin Content)"
"2113.md","รับซื้อเชียงคาน",66,true,"C (Thin Content)"
"2114.md","รับซื้อวังสะพุง",47,true,"C (Thin Content)"
"2116.md","รับซื้ออากาศอำนวย",53,true,"C (Thin Content)"
"2117.md","รับซื้อวาริชภูมิ",61,true,"C (Thin Content)"
"2119.md","รับซื้อธาตุพนม",86,true,"C (Thin Content)"
"2120.md","รับซื้อเรณูนคร",68,true,"C (Thin Content)"
"2122.md","รับซื้อพรเจริญ",82,true,"C (Thin Content)"
"2123.md","รับซื้อเซกา",47,true,"C (Thin Content)"
"2125.md","รับซื้อท่าบ่อ",95,true,"C (Thin Content)"
"2126.md","รับซื้อศรีเชียงใหม่",102,true,"C (Thin Content)"
"2128.md","รับซื้อนากลาง",71,true,"C (Thin Content)"
"2129.md","รับซื้อศรีบุญเรือง",86,true,"C (Thin Content)"
"2131.md","รับซื้อบ้านเขว้า",71,true,"C (Thin Content)"
"2132.md","รับซื้อจัตุรัส",71,true,"C (Thin Content)"
"2134.md","รับซื้อปทุมราชวงศา",61,true,"C (Thin Content)"
"2135.md","รับซื้อชานุมาน",86,true,"C (Thin Content)"
"2137.md","รับซื้อคำเขื่อนแก้ว",95,true,"C (Thin Content)"
"2138.md","รับซื้อมหาชนะชัย",95,true,"C (Thin Content)"
"2140.md","รับซื้อคำชะอี",102,true,"C (Thin Content)"
"2141.md","รับซื้อนิคมคำสร้อย",53,true,"C (Thin Content)"
"2143.md","รับซื้อยางตลาด",66,true,"C (Thin Content)"
"2144.md","รับซื้อกมลาไสย",102,true,"C (Thin Content)"
"2171.md","รับซื้อกล้อง-panasonic",36,true,"C (Thin Content)"
"2323.md","รับซื้อโน๊ตบุ๊ค-notebook",35,true,"C (Thin Content)"
"2370.md","รับซื้อคอมพิวเตอร์ภูเก",270,true,"C (Thin Content)"
"2375.md","รับซื้อคอมพิวเตอร์-ภูเก",308,false,"B (Indexed Local)"
"2380.md","rab-sue-klung-mueang-song-phuket",271,true,"C (Thin Content)"
"2397.md","รับซื้อมือถือภูเก็ต-ราค",272,true,"C (Thin Content)"
"2402.md","รับซื้อ-คอมพิวเตอร์-ขอนแ",235,true,"C (Thin Content)"
"2417.md","รับซื้อ-คอมพิวเตอร์-อุดร",225,true,"C (Thin Content)"
"2430.md","รับซื้อคอมพิวเตอร์มือส",309,false,"B (Indexed Local)"
"2444.md","rab-sue-kompyuter-bangkok",220,true,"C (Thin Content)"
"2449.md","rab-sue-notebook-mue-song-thi-nakhon-ratchasima",232,true,"C (Thin Content)"
"2473.md","rab-sue-notebook-krungthep",32,true,"C (Thin Content)"
"2498.md","rab-sue-notebook-asus-bangkok-2",43,true,"C (Thin Content)"
"2511.md","rab-sue-notebook-hp-pathum-thani",249,true,"C (Thin Content)"
"2523.md","รับซื้อคอมพิวเตอร์-ชลบุ",300,false,"B (Indexed Local)"
"2528.md","rab-sue-computer-chonburi",306,false,"B (Indexed Local)"
"2533.md","rab-sue-computer-chon-buri",299,true,"C (Thin Content)"
"2547.md","รับ-เหมาคอม-ประมูล-คอม-ชล",18,true,"C (Thin Content)"
"2556.md","รับเหมาคอม-ประมูล-คอม-ชล",17,true,"C (Thin Content)"
"2566.md","rab-sue-notebook-chonburi",228,true,"C (Thin Content)"
"2583.md","rab-sue-notebook-chon-buri",279,true,"C (Thin Content)"
"364.md","รับซื้อคอม-ศรีสะเกษ",381,false,"B (Indexed Local)"
"371.md","รับซื้อไอโฟนอุบล",270,true,"C (Thin Content)"
"373.md","รับซื้อคอม-อำนาจเจริญ",366,false,"B (Indexed Local)"
"387.md","วิธีเช็คโน๊ตบุ๊คมือสอง",303,false,"B (Indexed Local)"
"403.md","รับซื้อโน๊ตบุ๊ค-ศรีสะเก",426,false,"B (Indexed Local)"
"405.md","รับซื้อซัมซุง-อุบล",188,true,"C (Thin Content)"
"413.md","รับซื้อมือถือ-อุบล",342,false,"B (Indexed Local)"
"416.md","รับซื้อไอแพด-อุบล",297,true,"C (Thin Content)"
"433.md","รับซื้อจอคอม-อำนาจเจริญ",795,false,"B (Indexed Local)"
"435.md","รับซื้อจอคอม-ศรีสะเกษ",738,false,"B (Indexed Local)"
"47.md","รับซื้อคอม-อุบล",658,false,"B (Indexed Local)"
"532.md","รับซื้อลำโพง-marshall",340,false,"B (Indexed Local)"
"550.md","รับซื้อกล้องอุบล",364,false,"B (Indexed Local)"
"556.md","ขายมือถืออุบล",345,false,"B (Indexed Local)"
"561.md","รับซื้อทีวี-อุบล-รับซื้",343,false,"B (Indexed Local)"
"566.md","รับซื้อ-smart-tv-อุบล-โทรทัศน์-ท",357,false,"B (Indexed Local)"
"582.md","รับซื้อกล้อง-canon-eos-rp",259,true,"C (Thin Content)"
"587.md","รับซื้อ-notebook-lenovo-รับซื้อโน๊ตบุ",43,true,"C (Thin Content)"
"590.md","รับซื้อโน๊ตบุ๊ค-acer-อุบลรา",35,true,"C (Thin Content)"
"594.md","รับซื้อโน๊ตบุ๊ค-asus-อุบลรา",42,true,"C (Thin Content)"
"597.md","รับซื้อโน๊ตบุ๊ค-hp-อุบลรา",41,true,"C (Thin Content)"
"603.md","รับซื้อโน๊ตบุ๊ค-dell-อุบลรา",35,true,"C (Thin Content)"
"607.md","ร้านขายไอแพดในอุบล-ipad",152,true,"C (Thin Content)"
"618.md","รับซื้อโทรศัพท์-อุบล",156,true,"C (Thin Content)"
"626.md","รับซื้อ-iphone-จังหวัด-อุบลราช",190,true,"C (Thin Content)"
"627.md","รับซื้อ-คอม-มือสอง-อุบล",131,true,"C (Thin Content)"
"635.md","มือถือ-มือ-สอง-อุบล",107,true,"C (Thin Content)"
"637.md","รับซื้อ-apple-watch-อุบลราชธานี",372,false,"B (Indexed Local)"
"641.md","รับซื้อ-apple-watch-series-8-อุบล",379,false,"B (Indexed Local)"
"643.md","รับซื้อ-apple-watch-series-7-อุบล",382,false,"B (Indexed Local)"
"647.md","รับซื้อ-apple-watch-series-6-อุบล",405,false,"B (Indexed Local)"
"655.md","รับซื้อ-ps5-อุบล-play-station-5-อุบลราชธ",376,false,"B (Indexed Local)"
"673.md","รับซื้อคอมสำนักงาน",139,true,"C (Thin Content)"
"679.md","รับซื้อคอมพิวเตอร์บริษ",17,true,"C (Thin Content)"
"686.md","รับซื้อโทรศัพท์-มือถือ",47,true,"C (Thin Content)"
"689.md","รับซื้อโทรศัพท์-samsung-s24-ultra",43,true,"C (Thin Content)"
"7.md","รับซื้อโน๊ตบุ๊ค-อุบล",314,false,"B (Indexed Local)"
"711.md","โน๊ตบุ๊คมือสอง-อุบล",156,true,"C (Thin Content)"
"794.md","รับซื้อโดรน",16,true,"C (Thin Content)"
"798.md","รับซื้อโดรน-dji-drone",17,true,"C (Thin Content)"
"84.md","รับซื้อโน๊ตบุ๊ค-อำนาจเจ",37,true,"C (Thin Content)"
"ipad-gen-9-มือสอง-ขายได้กี่บาท.md","ipad-gen-9-มือสอง-ขายได้กี่บาท",196,true,"C (Thin Content)"
"iphone-13-มือสอง-ขายได้กี่บาท.md","iphone-13-มือสอง-ขายได้กี่บาท",222,true,"C (Thin Content)"
"iphone-14-มือสอง-ขายได้กี่บาท.md","iphone-14-มือสอง-ขายได้กี่บาท",191,true,"C (Thin Content)"
"iphone-จอแตก-ขายได้ไหม.md","iphone-จอแตก-ขายได้ไหม",167,true,"C (Thin Content)"
"iphone-ติด-icloud-ขายได้ไหม.md","iphone-ติด-icloud-ขายได้ไหม",186,true,"C (Thin Content)"
"iphone-แบตเสื่อม-ขายได้ไหม.md","iphone-แบตเสื่อม-ขายได้ไหม",208,true,"C (Thin Content)"
"legacy-notebook-ubon-ranking-url.md","รับซื้อโน๊ตบุ๊คอุบล-notebook-laptop-จ",148,true,"C (Thin Content)"
"macbook-air-m1-มือสอง-ขายได้กี่บาท.md","macbook-air-m1-มือสอง-ขายได้กี่บาท",216,true,"C (Thin Content)"
"macbook-pro-m1-มือสอง-ขายได้กี่บาท.md","macbook-pro-m1-มือสอง-ขายได้กี่บาท",199,true,"C (Thin Content)"
"macbook-เปิดไม่ติด-ขายได้ไหม.md","macbook-เปิดไม่ติด-ขายได้ไหม",165,true,"C (Thin Content)"
"macbook-แบตเสื่อม-ขายได้ไหม.md","macbook-แบตเสื่อม-ขายได้ไหม",163,true,"C (Thin Content)"
"กล้อง-fujifilm-มือสอง-ขายได้กี่บาท.md","กล้อง-fujifilm-มือสอง-ขายได้กี่บาท",161,true,"C (Thin Content)"
"กล้องเลนส์ขึ้นรา-ขายได้ไหม.md","กล้องเลนส์ขึ้นรา-ขายได้ไหม",129,true,"C (Thin Content)"
"ก่อนขาย-iphone-ล้างข้อมูล.md","ก่อนขาย-iphone-ล้างข้อมูล",233,true,"C (Thin Content)"
"ก่อนขาย-macbook-ลบข้อมูล.md","ก่อนขาย-macbook-ลบข้อมูล",204,true,"C (Thin Content)"
"ก่อนขายโน๊ตบุ๊ค-ลบข้อมูลอะไร.md","ก่อนขายโน๊ตบุ๊ค-ลบข้อมูลอะไร",173,true,"C (Thin Content)"
"ขาย-android-ติด-google-ได้ไหม.md","ขาย-android-ติด-google-ได้ไหม",325,false,"B (Indexed Local)"
"ขาย-iphone-ขอนแก่น-ที่ไหนดี-เช็กราคาก่อนขาย.md","ขาย-iphone-ขอนแก่น-ที่ไหนดี-เช็กราคาก่อนขาย",175,true,"C (Thin Content)"
"ขาย-iphone-ติด-apple-id-ได้ไหม.md","ขาย-iphone-ติด-apple-id-ได้ไหม",170,true,"C (Thin Content)"
"ขายคอมบริษัท-อุบลราชธานี-คู่มือเคลียร์เครื่อง.md","ขายคอมบริษัท-อุบลราชธานี-คู่มือเคลียร์เครื่อง",153,true,"C (Thin Content)"
"ขายคอมเก่า-ข้อมูลในเครื่อง-ทำยังไง.md","ขายคอมเก่า-ข้อมูลในเครื่อง-ทำยังไง",159,true,"C (Thin Content)"
"ขายมือถือให้ร้าน-ปลอดภัยไหม.md","ขายมือถือให้ร้าน-ปลอดภัยไหม",275,true,"C (Thin Content)"
"ขายโน๊ตบุ๊คมือสอง-อุบลราชธานี-เช็กลิสต์.md","ขายโน๊ตบุ๊คมือสอง-อุบลราชธานี-เช็กลิสต์",226,true,"C (Thin Content)"
"ขายโน๊ตบุ๊คมือสอง-ใช้บัตรประชาชนไหม.md","ขายโน๊ตบุ๊คมือสอง-ใช้บัตรประชาชนไหม",110,true,"C (Thin Content)"
"คอมเกมมิ่ง-มือสอง-ขายได้กี่บาท.md","คอมเกมมิ่ง-มือสอง-ขายได้กี่บาท",173,true,"C (Thin Content)"
"คอมเก่า-10-ปี-ขายได้ไหม.md","คอมเก่า-10-ปี-ขายได้ไหม",163,true,"C (Thin Content)"
"คอมเก่า-ไม่มีการ์ดจอ-ขายได้กี่บาท.md","คอมเก่า-ไม่มีการ์ดจอ-ขายได้กี่บาท",172,true,"C (Thin Content)"
"คอมเปิดไม่ติด-ขายได้ไหม.md","คอมเปิดไม่ติด-ขายได้ไหม",137,true,"C (Thin Content)"
"รับซื้อ-access-point.md","รับซื้อ-access-point",54,true,"C (Thin Content)"
"รับซื้อ-acer-notebook.md","รับซื้อ-acer-notebook",209,true,"C (Thin Content)"
"รับซื้อ-acer-อุบล.md","รับซื้อ-acer-อุบล",110,true,"C (Thin Content)"
"รับซื้อ-airpods-max.md","รับซื้อ-airpods-max",58,true,"C (Thin Content)"
"รับซื้อ-airpods-pro.md","รับซื้อ-airpods-pro",87,true,"C (Thin Content)"
"รับซื้อ-airpods.md","รับซื้อ-airpods",123,true,"C (Thin Content)"
"รับซื้อ-android-tablet.md","รับซื้อ-android-tablet",55,true,"C (Thin Content)"
"รับซื้อ-apple-studio-display.md","รับซื้อ-apple-studio-display",58,true,"C (Thin Content)"
"รับซื้อ-apple-tv.md","รับซื้อ-apple-tv",69,true,"C (Thin Content)"
"รับซื้อ-aruba.md","รับซื้อ-aruba",60,true,"C (Thin Content)"
"รับซื้อ-asus-notebook.md","รับซื้อ-asus-notebook",202,true,"C (Thin Content)"
"รับซื้อ-asus-nuc.md","รับซื้อ-asus-nuc",53,true,"C (Thin Content)"
"รับซื้อ-asus-อุบล.md","รับซื้อ-asus-อุบล",125,true,"C (Thin Content)"
"รับซื้อ-buffalo-network.md","รับซื้อ-buffalo-network",34,true,"C (Thin Content)"
"รับซื้อ-case-คอมพิวเตอร์.md","รับซื้อ-case-คอมพิวเตอร์",38,true,"C (Thin Content)"
"รับซื้อ-cctv.md","รับซื้อ-cctv",116,true,"C (Thin Content)"
"รับซื้อ-cpu.md","รับซื้อ-cpu",82,true,"C (Thin Content)"
"รับซื้อ-dell-notebook.md","รับซื้อ-dell-notebook",147,true,"C (Thin Content)"
"รับซื้อ-dell-อุบล.md","รับซื้อ-dell-อุบล",146,true,"C (Thin Content)"
"รับซื้อ-dyson.md","รับซื้อ-dyson",45,true,"C (Thin Content)"
"รับซื้อ-external-harddisk.md","รับซื้อ-external-harddisk",63,true,"C (Thin Content)"
"รับซื้อ-firewall.md","รับซื้อ-firewall",53,true,"C (Thin Content)"
"รับซื้อ-flash-drive.md","รับซื้อ-flash-drive",66,true,"C (Thin Content)"
"รับซื้อ-fortinet.md","รับซื้อ-fortinet",64,true,"C (Thin Content)"
"รับซื้อ-gaming-pc.md","รับซื้อ-gaming-pc",51,true,"C (Thin Content)"
"รับซื้อ-harddisk-dell.md","รับซื้อ-harddisk-dell",61,true,"C (Thin Content)"
"รับซื้อ-harddisk-hgst.md","รับซื้อ-harddisk-hgst",59,true,"C (Thin Content)"
"รับซื้อ-harddisk-hitachi.md","รับซื้อ-harddisk-hitachi",59,true,"C (Thin Content)"
"รับซื้อ-harddisk-hp.md","รับซื้อ-harddisk-hp",61,true,"C (Thin Content)"
"รับซื้อ-harddisk-lenovo.md","รับซื้อ-harddisk-lenovo",61,true,"C (Thin Content)"
"รับซื้อ-harddisk-nas.md","รับซื้อ-harddisk-nas",40,true,"C (Thin Content)"
"รับซื้อ-harddisk-samsung.md","รับซื้อ-harddisk-samsung",61,true,"C (Thin Content)"
"รับซื้อ-harddisk-sas.md","รับซื้อ-harddisk-sas",65,true,"C (Thin Content)"
"รับซื้อ-harddisk-seagate.md","รับซื้อ-harddisk-seagate",59,true,"C (Thin Content)"
"รับซื้อ-harddisk-server.md","รับซื้อ-harddisk-server",53,true,"C (Thin Content)"
"รับซื้อ-harddisk-synology.md","รับซื้อ-harddisk-synology",37,true,"C (Thin Content)"
"รับซื้อ-harddisk-toshiba.md","รับซื้อ-harddisk-toshiba",60,true,"C (Thin Content)"
"รับซื้อ-harddisk-wd.md","รับซื้อ-harddisk-wd",64,true,"C (Thin Content)"
"รับซื้อ-harddisk-กล้องวงจรปิด.md","รับซื้อ-harddisk-กล้องวงจรปิด",62,true,"C (Thin Content)"
"รับซื้อ-homepod.md","รับซื้อ-homepod",43,true,"C (Thin Content)"
"รับซื้อ-hp-notebook.md","รับซื้อ-hp-notebook",168,true,"C (Thin Content)"
"รับซื้อ-hp-อุบล.md","รับซื้อ-hp-อุบล",125,true,"C (Thin Content)"
"รับซื้อ-huawei-tablet.md","รับซื้อ-huawei-tablet",56,true,"C (Thin Content)"
"รับซื้อ-imac.md","รับซื้อ-imac",58,true,"C (Thin Content)"
"รับซื้อ-intel-nuc.md","รับซื้อ-intel-nuc",54,true,"C (Thin Content)"
"รับซื้อ-ip-camera.md","รับซื้อ-ip-camera",51,true,"C (Thin Content)"
"รับซื้อ-ip-phone.md","รับซื้อ-ip-phone",51,true,"C (Thin Content)"
"รับซื้อ-ipad-หาดใหญ่.md","รับซื้อ-ipad-หาดใหญ่",32,true,"C (Thin Content)"
"รับซื้อ-ipad-เชียงใหม่.md","รับซื้อ-ipad-เชียงใหม่",102,true,"C (Thin Content)"
"รับซื้อ-iphone-15-pro-max.md","รับซื้อ-iphone-15-pro-max",78,true,"C (Thin Content)"
"รับซื้อ-iphone-15.md","รับซื้อ-iphone-15",81,true,"C (Thin Content)"
"รับซื้อ-iphone-16-pro-max.md","รับซื้อ-iphone-16-pro-max",78,true,"C (Thin Content)"
"รับซื้อ-iphone-16.md","รับซื้อ-iphone-16",81,true,"C (Thin Content)"
"รับซื้อ-iphone-จตุจักร.md","รับซื้อ-iphone-จตุจักร",107,true,"C (Thin Content)"
"รับซื้อ-iphone-ชลบุรี.md","รับซื้อ-iphone-ชลบุรี",111,true,"C (Thin Content)"
"รับซื้อ-iphone-นครปฐม.md","รับซื้อ-iphone-นครปฐม",102,true,"C (Thin Content)"
"รับซื้อ-iphone-นครศรีธรรมราช.md","รับซื้อ-iphone-นครศรีธรรมราช",99,true,"C (Thin Content)"
"รับซื้อ-iphone-นนทบุรี.md","รับซื้อ-iphone-นนทบุรี",114,true,"C (Thin Content)"
"รับซื้อ-iphone-ปทุมธานี.md","รับซื้อ-iphone-ปทุมธานี",114,true,"C (Thin Content)"
"รับซื้อ-iphone-พระนครศรีอยุธยา.md","รับซื้อ-iphone-พระนครศรีอยุธยา",101,true,"C (Thin Content)"
"รับซื้อ-iphone-พระโขนง.md","รับซื้อ-iphone-พระโขนง",105,true,"C (Thin Content)"
"รับซื้อ-iphone-พิษณุโลก.md","รับซื้อ-iphone-พิษณุโลก",108,true,"C (Thin Content)"
"รับซื้อ-iphone-ภูเก็ต.md","รับซื้อ-iphone-ภูเก็ต",107,true,"C (Thin Content)"
"รับซื้อ-iphone-ระยอง.md","รับซื้อ-iphone-ระยอง",109,true,"C (Thin Content)"
"รับซื้อ-iphone-ลาดพร้าว.md","รับซื้อ-iphone-ลาดพร้าว",105,true,"C (Thin Content)"
"รับซื้อ-iphone-ลำปาง.md","รับซื้อ-iphone-ลำปาง",171,true,"C (Thin Content)"
"รับซื้อ-iphone-วังทองหลาง.md","รับซื้อ-iphone-วังทองหลาง",106,true,"C (Thin Content)"
"รับซื้อ-iphone-สงขลา.md","รับซื้อ-iphone-สงขลา",104,true,"C (Thin Content)"
"รับซื้อ-iphone-สุราษฎร์ธานี.md","รับซื้อ-iphone-สุราษฎร์ธานี",97,true,"C (Thin Content)"
"รับซื้อ-iphone-หาดใหญ่.md","รับซื้อ-iphone-หาดใหญ่",111,true,"C (Thin Content)"
"รับซื้อ-iphone-ห้วยขวาง.md","รับซื้อ-iphone-ห้วยขวาง",106,true,"C (Thin Content)"
"รับซื้อ-iphone-เชียงราย.md","รับซื้อ-iphone-เชียงราย",105,true,"C (Thin Content)"
"รับซื้อ-iphone-เชียงใหม่.md","รับซื้อ-iphone-เชียงใหม่",112,true,"C (Thin Content)"
"รับซื้อ-keyboard.md","รับซื้อ-keyboard",36,true,"C (Thin Content)"
"รับซื้อ-laptop-gaming.md","รับซื้อ-laptop-gaming",49,true,"C (Thin Content)"
"รับซื้อ-lenovo-notebook.md","รับซื้อ-lenovo-notebook",164,true,"C (Thin Content)"
"รับซื้อ-lenovo-อุบล.md","รับซื้อ-lenovo-อุบล",92,true,"C (Thin Content)"
"รับซื้อ-mac-mini.md","รับซื้อ-mac-mini",60,true,"C (Thin Content)"
"รับซื้อ-mac-pro.md","รับซื้อ-mac-pro",58,true,"C (Thin Content)"
"รับซื้อ-mac-studio.md","รับซื้อ-mac-studio",58,true,"C (Thin Content)"
"รับซื้อ-macbook-air-m3.md","รับซื้อ-macbook-air-m3",106,true,"C (Thin Content)"
"รับซื้อ-macbook-air.md","รับซื้อ-macbook-air",62,true,"C (Thin Content)"
"รับซื้อ-macbook-pro-m3.md","รับซื้อ-macbook-pro-m3",110,true,"C (Thin Content)"
"รับซื้อ-macbook-pro-m4.md","รับซื้อ-macbook-pro-m4",110,true,"C (Thin Content)"
"รับซื้อ-macbook-pro-ขอนแก่น.md","รับซื้อ-macbook-pro-ขอนแก่น",3,true,"C (Thin Content)"
"รับซื้อ-macbook-pro.md","รับซื้อ-macbook-pro",63,true,"C (Thin Content)"
"รับซื้อ-macbook-จตุจักร.md","รับซื้อ-macbook-จตุจักร",86,true,"C (Thin Content)"
"รับซื้อ-macbook-ชลบุรี.md","รับซื้อ-macbook-ชลบุรี",110,true,"C (Thin Content)"
"รับซื้อ-macbook-นครปฐม.md","รับซื้อ-macbook-นครปฐม",93,true,"C (Thin Content)"
"รับซื้อ-macbook-นครศรีธรรมราช.md","รับซื้อ-macbook-นครศรีธรรมราช",90,true,"C (Thin Content)"
"รับซื้อ-macbook-นนทบุรี.md","รับซื้อ-macbook-นนทบุรี",105,true,"C (Thin Content)"
"รับซื้อ-macbook-ปทุมธานี.md","รับซื้อ-macbook-ปทุมธานี",105,true,"C (Thin Content)"
"รับซื้อ-macbook-พระนครศรีอยุธยา.md","รับซื้อ-macbook-พระนครศรีอยุธยา",57,true,"C (Thin Content)"
"รับซื้อ-macbook-พระโขนง.md","รับซื้อ-macbook-พระโขนง",84,true,"C (Thin Content)"
"รับซื้อ-macbook-พิษณุโลก.md","รับซื้อ-macbook-พิษณุโลก",100,true,"C (Thin Content)"
"รับซื้อ-macbook-ภูเก็ต.md","รับซื้อ-macbook-ภูเก็ต",106,true,"C (Thin Content)"
"รับซื้อ-macbook-ระยอง.md","รับซื้อ-macbook-ระยอง",100,true,"C (Thin Content)"
"รับซื้อ-macbook-ลาดพร้าว.md","รับซื้อ-macbook-ลาดพร้าว",84,true,"C (Thin Content)"
"รับซื้อ-macbook-ลำปาง.md","รับซื้อ-macbook-ลำปาง",135,true,"C (Thin Content)"
"รับซื้อ-macbook-วังทองหลาง.md","รับซื้อ-macbook-วังทองหลาง",85,true,"C (Thin Content)"
"รับซื้อ-macbook-สงขลา.md","รับซื้อ-macbook-สงขลา",87,true,"C (Thin Content)"
"รับซื้อ-macbook-สารคาม.md","รับซื้อ-macbook-สารคาม",3,true,"C (Thin Content)"
"รับซื้อ-macbook-สุราษฎร์ธานี.md","รับซื้อ-macbook-สุราษฎร์ธานี",87,true,"C (Thin Content)"
"รับซื้อ-macbook-หาดใหญ่.md","รับซื้อ-macbook-หาดใหญ่",110,true,"C (Thin Content)"
"รับซื้อ-macbook-ห้วยขวาง.md","รับซื้อ-macbook-ห้วยขวาง",85,true,"C (Thin Content)"
"รับซื้อ-macbook-อุบลราชธานี-ปัจจัยราคา-2026.md","รับซื้อ-macbook-อุบลราชธานี-ปัจจัยราคา-2026",285,true,"C (Thin Content)"
"รับซื้อ-macbook-เชียงราย.md","รับซื้อ-macbook-เชียงราย",135,true,"C (Thin Content)"
"รับซื้อ-macbook-เชียงใหม่.md","รับซื้อ-macbook-เชียงใหม่",121,true,"C (Thin Content)"
"รับซื้อ-magic-keyboard.md","รับซื้อ-magic-keyboard",64,true,"C (Thin Content)"
"รับซื้อ-magic-mouse.md","รับซื้อ-magic-mouse",62,true,"C (Thin Content)"
"รับซื้อ-mainboard.md","รับซื้อ-mainboard",43,true,"C (Thin Content)"
"รับซื้อ-microsoft-surface.md","รับซื้อ-microsoft-surface",57,true,"C (Thin Content)"
"รับซื้อ-mikrotik.md","รับซื้อ-mikrotik",58,true,"C (Thin Content)"
"รับซื้อ-mini-pc.md","รับซื้อ-mini-pc",55,true,"C (Thin Content)"
"รับซื้อ-mouse.md","รับซื้อ-mouse",41,true,"C (Thin Content)"
"รับซื้อ-nas-storage.md","รับซื้อ-nas-storage",84,true,"C (Thin Content)"
"รับซื้อ-netapp-storage.md","รับซื้อ-netapp-storage",60,true,"C (Thin Content)"
"รับซื้อ-netgear.md","รับซื้อ-netgear",60,true,"C (Thin Content)"
"รับซื้อ-network-switch.md","รับซื้อ-network-switch",51,true,"C (Thin Content)"
"รับซื้อ-notebook-gigabyte.md","รับซื้อ-notebook-gigabyte",47,true,"C (Thin Content)"
"รับซื้อ-notebook-msi.md","รับซื้อ-notebook-msi",47,true,"C (Thin Content)"
"รับซื้อ-notebook-จอแตก.md","รับซื้อ-notebook-จอแตก",44,true,"C (Thin Content)"
"รับซื้อ-notebook-ชุมแพ-ขอนแก่น.md","รับซื้อ-notebook-ชุมแพ-ขอนแก่น",2,true,"C (Thin Content)"
"รับซื้อ-notebook-อำเภอพล-ขอนแก่น.md","รับซื้อ-notebook-อำเภอพล-ขอนแก่น",2,true,"C (Thin Content)"
"รับซื้อ-notebook-เกมมิ่ง.md","รับซื้อ-notebook-เกมมิ่ง",50,true,"C (Thin Content)"
"รับซื้อ-notebook-เสีย.md","รับซื้อ-notebook-เสีย",46,true,"C (Thin Content)"
"รับซื้อ-nuc-pc.md","รับซื้อ-nuc-pc",52,true,"C (Thin Content)"
"รับซื้อ-oppo-มือสอง.md","รับซื้อ-oppo-มือสอง",124,true,"C (Thin Content)"
"รับซื้อ-oppo-อุดรธานี.md","รับซื้อ-oppo-อุดรธานี",213,true,"C (Thin Content)"
"รับซื้อ-oppo-อุบล.md","รับซื้อ-oppo-อุบล",196,true,"C (Thin Content)"
"รับซื้อ-pc-acer.md","รับซื้อ-pc-acer",51,true,"C (Thin Content)"
"รับซื้อ-pc-aio.md","รับซื้อ-pc-aio",48,true,"C (Thin Content)"
"รับซื้อ-pc-all-in-one.md","รับซื้อ-pc-all-in-one",53,true,"C (Thin Content)"
"รับซื้อ-pc-dell.md","รับซื้อ-pc-dell",51,true,"C (Thin Content)"
"รับซื้อ-pc-hp.md","รับซื้อ-pc-hp",52,true,"C (Thin Content)"
"รับซื้อ-pc-lenovo.md","รับซื้อ-pc-lenovo",50,true,"C (Thin Content)"
"รับซื้อ-pc-workstation.md","รับซื้อ-pc-workstation",49,true,"C (Thin Content)"
"รับซื้อ-power-supply.md","รับซื้อ-power-supply",44,true,"C (Thin Content)"
"รับซื้อ-projector.md","รับซื้อ-projector",92,true,"C (Thin Content)"
"รับซื้อ-qnap.md","รับซื้อ-qnap",35,true,"C (Thin Content)"
"รับซื้อ-ram-ecc.md","รับซื้อ-ram-ecc",70,true,"C (Thin Content)"
"รับซื้อ-ram-notebook.md","รับซื้อ-ram-notebook",65,true,"C (Thin Content)"
"รับซื้อ-ram-pc.md","รับซื้อ-ram-pc",67,true,"C (Thin Content)"
"รับซื้อ-ram-server.md","รับซื้อ-ram-server",50,true,"C (Thin Content)"
"รับซื้อ-ram.md","รับซื้อ-ram",66,true,"C (Thin Content)"
"รับซื้อ-redmi-pad.md","รับซื้อ-redmi-pad",57,true,"C (Thin Content)"
"รับซื้อ-router.md","รับซื้อ-router",52,true,"C (Thin Content)"
"รับซื้อ-ruijie.md","รับซื้อ-ruijie",59,true,"C (Thin Content)"
"รับซื้อ-samsung-tablet.md","รับซื้อ-samsung-tablet",58,true,"C (Thin Content)"
"รับซื้อ-samsung-มือสอง.md","รับซื้อ-samsung-มือสอง",310,false,"B (Indexed Local)"
"รับซื้อ-server-cisco.md","รับซื้อ-server-cisco",77,true,"C (Thin Content)"
"รับซื้อ-server-dell.md","รับซื้อ-server-dell",78,true,"C (Thin Content)"
"รับซื้อ-server-fujitsu.md","รับซื้อ-server-fujitsu",73,true,"C (Thin Content)"
"รับซื้อ-server-hitachi.md","รับซื้อ-server-hitachi",70,true,"C (Thin Content)"
"รับซื้อ-server-hp.md","รับซื้อ-server-hp",80,true,"C (Thin Content)"
"รับซื้อ-server-huawei.md","รับซื้อ-server-huawei",76,true,"C (Thin Content)"
"รับซื้อ-server-ibm.md","รับซื้อ-server-ibm",83,true,"C (Thin Content)"
"รับซื้อ-server-lenovo.md","รับซื้อ-server-lenovo",76,true,"C (Thin Content)"
"รับซื้อ-server-oracle.md","รับซื้อ-server-oracle",79,true,"C (Thin Content)"
"รับซื้อ-server-supermicro.md","รับซื้อ-server-supermicro",85,true,"C (Thin Content)"
"รับซื้อ-server-กรุงเทพมหานคร.md","รับซื้อ-server-กรุงเทพมหานคร",117,true,"C (Thin Content)"
"รับซื้อ-server-ขอนแก่น.md","รับซื้อ-server-ขอนแก่น",117,true,"C (Thin Content)"
"รับซื้อ-server-นครราชสีมา.md","รับซื้อ-server-นครราชสีมา",117,true,"C (Thin Content)"
"รับซื้อ-server-มือสอง.md","รับซื้อ-server-มือสอง",171,true,"C (Thin Content)"
"รับซื้อ-server-อุบลราชธานี.md","รับซื้อ-server-อุบลราชธานี",117,true,"C (Thin Content)"
"รับซื้อ-server-เชียงใหม่.md","รับซื้อ-server-เชียงใหม่",117,true,"C (Thin Content)"
"รับซื้อ-server-เสีย.md","รับซื้อ-server-เสีย",79,true,"C (Thin Content)"
"รับซื้อ-smart-tv.md","รับซื้อ-smart-tv",105,true,"C (Thin Content)"
"รับซื้อ-ssd-adata.md","รับซื้อ-ssd-adata",63,true,"C (Thin Content)"
"รับซื้อ-ssd-apacer.md","รับซื้อ-ssd-apacer",62,true,"C (Thin Content)"
"รับซื้อ-ssd-corsair.md","รับซื้อ-ssd-corsair",63,true,"C (Thin Content)"
"รับซื้อ-ssd-crucial.md","รับซื้อ-ssd-crucial",63,true,"C (Thin Content)"
"รับซื้อ-ssd-intel.md","รับซื้อ-ssd-intel",62,true,"C (Thin Content)"
"รับซื้อ-ssd-kingston.md","รับซื้อ-ssd-kingston",63,true,"C (Thin Content)"
"รับซื้อ-ssd-kioxia.md","รับซื้อ-ssd-kioxia",62,true,"C (Thin Content)"
"รับซื้อ-ssd-lexar.md","รับซื้อ-ssd-lexar",62,true,"C (Thin Content)"
"รับซื้อ-ssd-m2.md","รับซื้อ-ssd-m2",69,true,"C (Thin Content)"
"รับซื้อ-ssd-micron.md","รับซื้อ-ssd-micron",63,true,"C (Thin Content)"
"รับซื้อ-ssd-nvme.md","รับซื้อ-ssd-nvme",66,true,"C (Thin Content)"
"รับซื้อ-ssd-samsung.md","รับซื้อ-ssd-samsung",67,true,"C (Thin Content)"
"รับซื้อ-ssd-sandisk.md","รับซื้อ-ssd-sandisk",65,true,"C (Thin Content)"
"รับซื้อ-ssd-seagate.md","รับซื้อ-ssd-seagate",62,true,"C (Thin Content)"
"รับซื้อ-ssd-server.md","รับซื้อ-ssd-server",54,true,"C (Thin Content)"
"รับซื้อ-ssd-toshiba.md","รับซื้อ-ssd-toshiba",62,true,"C (Thin Content)"
"รับซื้อ-ssd-transcend.md","รับซื้อ-ssd-transcend",62,true,"C (Thin Content)"
"รับซื้อ-ssd-wd.md","รับซื้อ-ssd-wd",71,true,"C (Thin Content)"
"รับซื้อ-ssd-western.md","รับซื้อ-ssd-western",67,true,"C (Thin Content)"
"รับซื้อ-ssd-xpg.md","รับซื้อ-ssd-xpg",66,true,"C (Thin Content)"
"รับซื้อ-ssd.md","รับซื้อ-ssd",96,true,"C (Thin Content)"
"รับซื้อ-storage-server.md","รับซื้อ-storage-server",54,true,"C (Thin Content)"
"รับซื้อ-switch.md","รับซื้อ-switch",51,true,"C (Thin Content)"
"รับซื้อ-synology.md","รับซื้อ-synology",36,true,"C (Thin Content)"
"รับซื้อ-tablet-สำนักงาน.md","รับซื้อ-tablet-สำนักงาน",58,true,"C (Thin Content)"
"รับซื้อ-tablet.md","รับซื้อ-tablet",58,true,"C (Thin Content)"
"รับซื้อ-ubiquiti.md","รับซื้อ-ubiquiti",63,true,"C (Thin Content)"
"รับซื้อ-ups-apc.md","รับซื้อ-ups-apc",56,true,"C (Thin Content)"
"รับซื้อ-ups-cleanline.md","รับซื้อ-ups-cleanline",48,true,"C (Thin Content)"
"รับซื้อ-ups-cyberpower.md","รับซื้อ-ups-cyberpower",52,true,"C (Thin Content)"
"รับซื้อ-ups-dell.md","รับซื้อ-ups-dell",52,true,"C (Thin Content)"
"รับซื้อ-ups-eaton.md","รับซื้อ-ups-eaton",52,true,"C (Thin Content)"
"รับซื้อ-ups-huawei.md","รับซื้อ-ups-huawei",51,true,"C (Thin Content)"
"รับซื้อ-ups-leonics.md","รับซื้อ-ups-leonics",48,true,"C (Thin Content)"
"รับซื้อ-ups-prolink.md","รับซื้อ-ups-prolink",48,true,"C (Thin Content)"
"รับซื้อ-ups-rack.md","รับซื้อ-ups-rack",53,true,"C (Thin Content)"
"รับซื้อ-ups-schneider.md","รับซื้อ-ups-schneider",54,true,"C (Thin Content)"
"รับซื้อ-ups-server.md","รับซื้อ-ups-server",57,true,"C (Thin Content)"
"รับซื้อ-ups-syndome.md","รับซื้อ-ups-syndome",48,true,"C (Thin Content)"
"รับซื้อ-ups-true-online.md","รับซื้อ-ups-true-online",56,true,"C (Thin Content)"
"รับซื้อ-ups-zircon.md","รับซื้อ-ups-zircon",48,true,"C (Thin Content)"
"รับซื้อ-ups-กรุงเทพมหานคร.md","รับซื้อ-ups-กรุงเทพมหานคร",111,true,"C (Thin Content)"
"รับซื้อ-ups-ขอนแก่น.md","รับซื้อ-ups-ขอนแก่น",111,true,"C (Thin Content)"
"รับซื้อ-ups-นครราชสีมา.md","รับซื้อ-ups-นครราชสีมา",111,true,"C (Thin Content)"
"รับซื้อ-ups-ปิดกิจการ.md","รับซื้อ-ups-ปิดกิจการ",50,true,"C (Thin Content)"
"รับซื้อ-ups-อุบลราชธานี.md","รับซื้อ-ups-อุบลราชธานี",111,true,"C (Thin Content)"
"รับซื้อ-ups-เชียงใหม่.md","รับซื้อ-ups-เชียงใหม่",111,true,"C (Thin Content)"
"รับซื้อ-ups.md","รับซื้อ-ups",107,true,"C (Thin Content)"
"รับซื้อ-vivo-มือสอง.md","รับซื้อ-vivo-มือสอง",191,true,"C (Thin Content)"
"รับซื้อ-vivo-อุบล.md","รับซื้อ-vivo-อุบล",198,true,"C (Thin Content)"
"รับซื้อ-xiaomi-tablet.md","รับซื้อ-xiaomi-tablet",58,true,"C (Thin Content)"
"รับซื้อ-xiaomi-มือสอง.md","รับซื้อ-xiaomi-มือสอง",133,true,"C (Thin Content)"
"รับซื้อ-xiaomi-อุบล.md","รับซื้อ-xiaomi-อุบล",180,true,"C (Thin Content)"
"รับซื้อ-xiaomi-โคราช.md","รับซื้อ-xiaomi-โคราช",218,true,"C (Thin Content)"
"รับซื้อ-zyxel.md","รับซื้อ-zyxel",60,true,"C (Thin Content)"
"รับซื้อmacbook-ขอนแก่น.md","รับซื้อmacbook-ขอนแก่น",3,true,"C (Thin Content)"
"รับซื้อmacbook-อุดรธานี.md","รับซื้อmacbook-อุดรธานี",3,true,"C (Thin Content)"
"รับซื้อกล้อง-ยโสธร.md","รับซื้อกล้อง-ยโสธร",1,true,"C (Thin Content)"
"รับซื้อกล้อง-ร้อยเอ็ด.md","รับซื้อกล้อง-ร้อยเอ็ด",1,true,"C (Thin Content)"
"รับซื้อกล้อง-อุดรธานี.md","รับซื้อกล้อง-อุดรธานี",544,false,"B (Indexed Local)"
"รับซื้อกล้องอุบล-กล้องcanon-niko.md","รับซื้อกล้องอุบล-กล้องcanon-niko",1,true,"C (Thin Content)"
"รับซื้อการ์ดจอ.md","รับซื้อการ์ดจอ",48,true,"C (Thin Content)"
"รับซื้อของย้ายบ้าน.md","รับซื้อของย้ายบ้าน",39,true,"C (Thin Content)"
"รับซื้อคอม-ขอนแก่น.md","รับซื้อคอม-ขอนแก่น",545,false,"B (Indexed Local)"
"รับซื้อคอม-สารคาม.md","รับซื้อคอม-สารคาม",1,true,"C (Thin Content)"
"รับซื้อคอม-อุดรธานี.md","รับซื้อคอม-อุดรธานี",473,false,"B (Indexed Local)"
"รับซื้อคอม-เชียงใหม่.md","รับซื้อคอม-เชียงใหม่",76,true,"C (Thin Content)"
"รับซื้อคอม-โคราช.md","รับซื้อคอม-โคราช",353,false,"B (Indexed Local)"
"รับซื้อคอมตกรุ่น.md","รับซื้อคอมตกรุ่น",43,true,"C (Thin Content)"
"รับซื้อคอมตัดต่อ.md","รับซื้อคอมตัดต่อ",45,true,"C (Thin Content)"
"รับซื้อคอมตั้งโต๊ะ.md","รับซื้อคอมตั้งโต๊ะ",44,true,"C (Thin Content)"
"รับซื้อคอมทำงาน.md","รับซื้อคอมทำงาน",44,true,"C (Thin Content)"
"รับซื้อคอมทำงานกราฟิก.md","รับซื้อคอมทำงานกราฟิก",44,true,"C (Thin Content)"
"รับซื้อคอมบริษัท.md","รับซื้อคอมบริษัท",45,true,"C (Thin Content)"
"รับซื้อคอมประกอบบริษัท.md","รับซื้อคอมประกอบบริษัท",42,true,"C (Thin Content)"
"รับซื้อคอมประกอบร้านเกม.md","รับซื้อคอมประกอบร้านเกม",42,true,"C (Thin Content)"
"รับซื้อคอมประกอบออฟฟิศ.md","รับซื้อคอมประกอบออฟฟิศ",42,true,"C (Thin Content)"
"รับซื้อคอมปลดระวาง.md","รับซื้อคอมปลดระวาง",42,true,"C (Thin Content)"
"รับซื้อคอมยกชุด.md","รับซื้อคอมยกชุด",45,true,"C (Thin Content)"
"รับซื้อคอมร้านเกม.md","รับซื้อคอมร้านเกม",43,true,"C (Thin Content)"
"รับซื้อคอมสตรีมเกม.md","รับซื้อคอมสตรีมเกม",46,true,"C (Thin Content)"
"รับซื้อคอมสเปคสูง.md","รับซื้อคอมสเปคสูง",46,true,"C (Thin Content)"
"รับซื้อคอมองค์กร.md","รับซื้อคอมองค์กร",44,true,"C (Thin Content)"
"รับซื้อคอมออฟฟิศ.md","รับซื้อคอมออฟฟิศ",43,true,"C (Thin Content)"
"รับซื้อคอมเกมมิ่งประกอบ.md","รับซื้อคอมเกมมิ่งประกอบ",41,true,"C (Thin Content)"
"รับซื้อคอมเก่าจากสำนักงาน.md","รับซื้อคอมเก่าจากสำนักงาน",43,true,"C (Thin Content)"
"รับซื้อคอมเล่นเกม.md","รับซื้อคอมเล่นเกม",43,true,"C (Thin Content)"
"รับซื้อคอมเสีย.md","รับซื้อคอมเสีย",45,true,"C (Thin Content)"
"รับซื้อคอมแบรนด์.md","รับซื้อคอมแบรนด์",49,true,"C (Thin Content)"
"รับซื้อคอมโรงงาน.md","รับซื้อคอมโรงงาน",44,true,"C (Thin Content)"
"รับซื้อคอมโรงเรียน.md","รับซื้อคอมโรงเรียน",42,true,"C (Thin Content)"
"รับซื้อคีย์บอร์ด.md","รับซื้อคีย์บอร์ด",35,true,"C (Thin Content)"
"รับซื้อจอคอมพิวเตอร์.md","รับซื้อจอคอมพิวเตอร์",53,true,"C (Thin Content)"
"รับซื้อชุดน้ำคอม-gaming.md","รับซื้อชุดน้ำคอม-gaming",48,true,"C (Thin Content)"
"รับซื้อซัมซุง-ขอนแก่น.md","รับซื้อซัมซุง-ขอนแก่น",212,true,"C (Thin Content)"
"รับซื้อซาก-notebook.md","รับซื้อซาก-notebook",45,true,"C (Thin Content)"
"รับซื้อซาก-server.md","รับซื้อซาก-server",72,true,"C (Thin Content)"
"รับซื้อซากคอมพิวเตอร์.md","รับซื้อซากคอมพิวเตอร์",42,true,"C (Thin Content)"
"รับซื้อซากโน๊ตบุ๊ค.md","รับซื้อซากโน๊ตบุ๊ค",42,true,"C (Thin Content)"
"รับซื้อตู้-rack-server.md","รับซื้อตู้-rack-server",53,true,"C (Thin Content)"
"รับซื้อทรัพย์สินไอทีบริษัท.md","รับซื้อทรัพย์สินไอทีบริษัท",116,true,"C (Thin Content)"
"รับซื้อพัดลม.md","รับซื้อพัดลม",42,true,"C (Thin Content)"
"รับซื้อมือถือ-android.md","รับซื้อมือถือ-android",59,true,"C (Thin Content)"
"รับซื้อมือถือ-honor.md","รับซื้อมือถือ-honor",53,true,"C (Thin Content)"
"รับซื้อมือถือ-huawei.md","รับซื้อมือถือ-huawei",55,true,"C (Thin Content)"
"รับซื้อมือถือ-oppo.md","รับซื้อมือถือ-oppo",56,true,"C (Thin Content)"
"รับซื้อมือถือ-poco.md","รับซื้อมือถือ-poco",55,true,"C (Thin Content)"
"รับซื้อมือถือ-realme.md","รับซื้อมือถือ-realme",54,true,"C (Thin Content)"
"รับซื้อมือถือ-samsung.md","รับซื้อมือถือ-samsung",59,true,"C (Thin Content)"
"รับซื้อมือถือ-vivo.md","รับซื้อมือถือ-vivo",57,true,"C (Thin Content)"
"รับซื้อมือถือ-xiaomi.md","รับซื้อมือถือ-xiaomi",55,true,"C (Thin Content)"
"รับซื้อสาย-lan.md","รับซื้อสาย-lan",51,true,"C (Thin Content)"
"รับซื้อหูฟังเกมมิ่ง.md","รับซื้อหูฟังเกมมิ่ง",48,true,"C (Thin Content)"
"รับซื้ออะไหล่คอม.md","รับซื้ออะไหล่คอม",48,true,"C (Thin Content)"
"รับซื้ออุปกรณ์-gaming.md","รับซื้ออุปกรณ์-gaming",46,true,"C (Thin Content)"
"รับซื้ออุปกรณ์-network.md","รับซื้ออุปกรณ์-network",52,true,"C (Thin Content)"
"รับซื้ออุปกรณ์ไอที.md","รับซื้ออุปกรณ์ไอที",47,true,"C (Thin Content)"
"รับซื้ออุปกรณ์ไอทีเก่าบริษัท.md","รับซื้ออุปกรณ์ไอทีเก่าบริษัท",77,true,"C (Thin Content)"
"รับซื้อเกมมิ่งเกียร์.md","รับซื้อเกมมิ่งเกียร์",47,true,"C (Thin Content)"
"รับซื้อเก้าอี้นวด.md","รับซื้อเก้าอี้นวด",42,true,"C (Thin Content)"
"รับซื้อเก้าอี้เกมมิ่ง.md","รับซื้อเก้าอี้เกมมิ่ง",46,true,"C (Thin Content)"
"รับซื้อเครื่องกรองน้ำ.md","รับซื้อเครื่องกรองน้ำ",39,true,"C (Thin Content)"
"รับซื้อเครื่องชงกาแฟ.md","รับซื้อเครื่องชงกาแฟ",44,true,"C (Thin Content)"
"รับซื้อเครื่องบดกาแฟ.md","รับซื้อเครื่องบดกาแฟ",43,true,"C (Thin Content)"
"รับซื้อเครื่องฟอกอากาศ.md","รับซื้อเครื่องฟอกอากาศ",44,true,"C (Thin Content)"
"รับซื้อเครื่องสำรองไฟ.md","รับซื้อเครื่องสำรองไฟ",49,true,"C (Thin Content)"
"รับซื้อเครื่องใช้ไฟฟ้า.md","รับซื้อเครื่องใช้ไฟฟ้า",39,true,"C (Thin Content)"
"รับซื้อเม้าส์.md","รับซื้อเม้าส์",35,true,"C (Thin Content)"
"รับซื้อแท็บเล็ต-android.md","รับซื้อแท็บเล็ต-android",58,true,"C (Thin Content)"
"รับซื้อแท็บเล็ต.md","รับซื้อแท็บเล็ต",57,true,"C (Thin Content)"
"รับซื้อแท็บเล็ตยกล็อต.md","รับซื้อแท็บเล็ตยกล็อต",55,true,"C (Thin Content)"
"รับซื้อแท็บเล็ตองค์กร.md","รับซื้อแท็บเล็ตองค์กร",53,true,"C (Thin Content)"
"รับซื้อแท็บเล็ตโรงเรียน.md","รับซื้อแท็บเล็ตโรงเรียน",54,true,"C (Thin Content)"
"รับซื้อแท็บเล็ตใส่ซิม.md","รับซื้อแท็บเล็ตใส่ซิม",55,true,"C (Thin Content)"
"รับซื้อแบตเตอรี่-ups.md","รับซื้อแบตเตอรี่-ups",54,true,"C (Thin Content)"
"รับซื้อแมคบุ๊ค-กาฬสินธุ์.md","รับซื้อแมคบุ๊ค-กาฬสินธุ์",119,true,"C (Thin Content)"
"รับซื้อแมคบุ๊ค-ขอนแก่น.md","รับซื้อแมคบุ๊ค-ขอนแก่น",372,false,"B (Indexed Local)"
"รับซื้อแมคบุ๊ค-ชัยภูมิ.md","รับซื้อแมคบุ๊ค-ชัยภูมิ",119,true,"C (Thin Content)"
"รับซื้อแมคบุ๊ค-นครพนม.md","รับซื้อแมคบุ๊ค-นครพนม",119,true,"C (Thin Content)"
"รับซื้อแมคบุ๊ค-บึงกาฬ.md","รับซื้อแมคบุ๊ค-บึงกาฬ",119,true,"C (Thin Content)"
"รับซื้อแมคบุ๊ค-บุรีรัมย์.md","รับซื้อแมคบุ๊ค-บุรีรัมย์",119,true,"C (Thin Content)"
"รับซื้อแมคบุ๊ค-มหาสารคาม.md","รับซื้อแมคบุ๊ค-มหาสารคาม",119,true,"C (Thin Content)"
"รับซื้อแมคบุ๊ค-มุกดาหาร.md","รับซื้อแมคบุ๊ค-มุกดาหาร",119,true,"C (Thin Content)"
"รับซื้อแมคบุ๊ค-ยโสธร.md","รับซื้อแมคบุ๊ค-ยโสธร",119,true,"C (Thin Content)"
"รับซื้อแมคบุ๊ค-ร้อยเอ็ด.md","รับซื้อแมคบุ๊ค-ร้อยเอ็ด",119,true,"C (Thin Content)"
"รับซื้อแมคบุ๊ค-ศรีสะเกษ.md","รับซื้อแมคบุ๊ค-ศรีสะเกษ",119,true,"C (Thin Content)"
"รับซื้อแมคบุ๊ค-สกลนคร.md","รับซื้อแมคบุ๊ค-สกลนคร",119,true,"C (Thin Content)"
"รับซื้อแมคบุ๊ค-สุรินทร์.md","รับซื้อแมคบุ๊ค-สุรินทร์",119,true,"C (Thin Content)"
"รับซื้อแมคบุ๊ค-หนองคาย.md","รับซื้อแมคบุ๊ค-หนองคาย",119,true,"C (Thin Content)"
"รับซื้อแมคบุ๊ค-หนองบัวลำภู.md","รับซื้อแมคบุ๊ค-หนองบัวลำภู",119,true,"C (Thin Content)"
"รับซื้อแมคบุ๊ค-อำนาจเจริญ.md","รับซื้อแมคบุ๊ค-อำนาจเจริญ",119,true,"C (Thin Content)"
"รับซื้อแมคบุ๊ค-อุดรธานี.md","รับซื้อแมคบุ๊ค-อุดรธานี",650,false,"B (Indexed Local)"
"รับซื้อแมคบุ๊ค-อุบลราชธานี.md","รับซื้อแมคบุ๊ค-อุบลราชธานี",119,true,"C (Thin Content)"
"รับซื้อแมคบุ๊ค-เลย.md","รับซื้อแมคบุ๊ค-เลย",119,true,"C (Thin Content)"
"รับซื้อแมคบุ๊ค-โคราช.md","รับซื้อแมคบุ๊ค-โคราช",376,false,"B (Indexed Local)"
"รับซื้อแรม.md","รับซื้อแรม",61,true,"C (Thin Content)"
"รับซื้อแอร์.md","รับซื้อแอร์",44,true,"C (Thin Content)"
"รับซื้อโต๊ะ-gaming.md","รับซื้อโต๊ะ-gaming",45,true,"C (Thin Content)"
"รับซื้อโน๊ตบุ๊ค-notebook-ยโสธร.md","รับซื้อโน๊ตบุ๊ค-notebook-ยโสธร",1,true,"C (Thin Content)"
"รับซื้อโน๊ตบุ๊ค-กาฬสินธุ์.md","รับซื้อโน๊ตบุ๊ค-กาฬสินธุ์",128,true,"C (Thin Content)"
"รับซื้อโน๊ตบุ๊ค-ขอนแก่น.md","รับซื้อโน๊ตบุ๊ค-ขอนแก่น",403,false,"B (Indexed Local)"
"รับซื้อโน๊ตบุ๊ค-ชัยภูมิ.md","รับซื้อโน๊ตบุ๊ค-ชัยภูมิ",128,true,"C (Thin Content)"
"รับซื้อโน๊ตบุ๊ค-นครพนม.md","รับซื้อโน๊ตบุ๊ค-นครพนม",128,true,"C (Thin Content)"
"รับซื้อโน๊ตบุ๊ค-นนทบุรี.md","รับซื้อโน๊ตบุ๊ค-นนทบุรี",106,true,"C (Thin Content)"
"รับซื้อโน๊ตบุ๊ค-บึงกาฬ.md","รับซื้อโน๊ตบุ๊ค-บึงกาฬ",128,true,"C (Thin Content)"
"รับซื้อโน๊ตบุ๊ค-บุรีรัมย์.md","รับซื้อโน๊ตบุ๊ค-บุรีรัมย์",128,true,"C (Thin Content)"
"รับซื้อโน๊ตบุ๊ค-พิษณุโลก.md","รับซื้อโน๊ตบุ๊ค-พิษณุโลก",99,true,"C (Thin Content)"
"รับซื้อโน๊ตบุ๊ค-ภูเก็ต.md","รับซื้อโน๊ตบุ๊ค-ภูเก็ต",110,true,"C (Thin Content)"
"รับซื้อโน๊ตบุ๊ค-มหาสารคาม.md","รับซื้อโน๊ตบุ๊ค-มหาสารคาม",128,true,"C (Thin Content)"
"รับซื้อโน๊ตบุ๊ค-มุกดาหาร.md","รับซื้อโน๊ตบุ๊ค-มุกดาหาร",128,true,"C (Thin Content)"
"รับซื้อโน๊ตบุ๊ค-ยโสธร.md","รับซื้อโน๊ตบุ๊ค-ยโสธร",128,true,"C (Thin Content)"
"รับซื้อโน๊ตบุ๊ค-ระยอง.md","รับซื้อโน๊ตบุ๊ค-ระยอง",13,true,"C (Thin Content)"
"รับซื้อโน๊ตบุ๊ค-ร้อยเอ็ด.md","รับซื้อโน๊ตบุ๊ค-ร้อยเอ็ด",128,true,"C (Thin Content)"
"รับซื้อโน๊ตบุ๊ค-ศรีสะเกษ.md","รับซื้อโน๊ตบุ๊ค-ศรีสะเกษ",128,true,"C (Thin Content)"
"รับซื้อโน๊ตบุ๊ค-สกลนคร.md","รับซื้อโน๊ตบุ๊ค-สกลนคร",128,true,"C (Thin Content)"
"รับซื้อโน๊ตบุ๊ค-สุรินทร์.md","รับซื้อโน๊ตบุ๊ค-สุรินทร์",128,true,"C (Thin Content)"
"รับซื้อโน๊ตบุ๊ค-หนองคาย.md","รับซื้อโน๊ตบุ๊ค-หนองคาย",128,true,"C (Thin Content)"
"รับซื้อโน๊ตบุ๊ค-หนองบัวลำภู.md","รับซื้อโน๊ตบุ๊ค-หนองบัวลำภู",128,true,"C (Thin Content)"
"รับซื้อโน๊ตบุ๊ค-หาดใหญ่.md","รับซื้อโน๊ตบุ๊ค-หาดใหญ่",109,true,"C (Thin Content)"
"รับซื้อโน๊ตบุ๊ค-อำนาจเจริญ.md","รับซื้อโน๊ตบุ๊ค-อำนาจเจริญ",128,true,"C (Thin Content)"
"รับซื้อโน๊ตบุ๊ค-อุดรธานี.md","รับซื้อโน๊ตบุ๊ค-อุดรธานี",370,false,"B (Indexed Local)"
"รับซื้อโน๊ตบุ๊ค-เชียงราย.md","รับซื้อโน๊ตบุ๊ค-เชียงราย",89,true,"C (Thin Content)"
"รับซื้อโน๊ตบุ๊ค-เชียงใหม่.md","รับซื้อโน๊ตบุ๊ค-เชียงใหม่",118,true,"C (Thin Content)"
"รับซื้อโน๊ตบุ๊ค-เลย.md","รับซื้อโน๊ตบุ๊ค-เลย",128,true,"C (Thin Content)"
"รับซื้อโน๊ตบุ๊คจอแตก.md","รับซื้อโน๊ตบุ๊คจอแตก",44,true,"C (Thin Content)"
"รับซื้อโน๊ตบุ๊คบริษัท.md","รับซื้อโน๊ตบุ๊คบริษัท",44,true,"C (Thin Content)"
"รับซื้อโน๊ตบุ๊คยกล็อต.md","รับซื้อโน๊ตบุ๊คยกล็อต",44,true,"C (Thin Content)"
"รับซื้อโน๊ตบุ๊คเกมมิ่ง.md","รับซื้อโน๊ตบุ๊คเกมมิ่ง",41,true,"C (Thin Content)"
"รับซื้อโน๊ตบุ๊คเสีย.md","รับซื้อโน๊ตบุ๊คเสีย",46,true,"C (Thin Content)"
"รับซื้อไดสัน.md","รับซื้อไดสัน",44,true,"C (Thin Content)"
"รับซื้อไมโครติก.md","รับซื้อไมโครติก",58,true,"C (Thin Content)"
"รับซื้อไอแพด-กาฬสินธุ์.md","รับซื้อไอแพด-กาฬสินธุ์",106,true,"C (Thin Content)"
"รับซื้อไอแพด-ขอนแก่น-ipad.md","รับซื้อไอแพด-ขอนแก่น-ipad",2,true,"C (Thin Content)"
"รับซื้อไอแพด-ขอนแก่น.md","รับซื้อไอแพด-ขอนแก่น",347,false,"B (Indexed Local)"
"รับซื้อไอแพด-ชัยภูมิ.md","รับซื้อไอแพด-ชัยภูมิ",106,true,"C (Thin Content)"
"รับซื้อไอแพด-นครพนม.md","รับซื้อไอแพด-นครพนม",106,true,"C (Thin Content)"
"รับซื้อไอแพด-บึงกาฬ.md","รับซื้อไอแพด-บึงกาฬ",106,true,"C (Thin Content)"
"รับซื้อไอแพด-บุรีรัมย์.md","รับซื้อไอแพด-บุรีรัมย์",106,true,"C (Thin Content)"
"รับซื้อไอแพด-มหาสารคาม.md","รับซื้อไอแพด-มหาสารคาม",106,true,"C (Thin Content)"
"รับซื้อไอแพด-มุกดาหาร.md","รับซื้อไอแพด-มุกดาหาร",106,true,"C (Thin Content)"
"รับซื้อไอแพด-ยโสธร-ipad.md","รับซื้อไอแพด-ยโสธร-ipad",3,true,"C (Thin Content)"
"รับซื้อไอแพด-ยโสธร.md","รับซื้อไอแพด-ยโสธร",106,true,"C (Thin Content)"
"รับซื้อไอแพด-ร้อยเอ็ด.md","รับซื้อไอแพด-ร้อยเอ็ด",106,true,"C (Thin Content)"
"รับซื้อไอแพด-ศรีสะเกษ.md","รับซื้อไอแพด-ศรีสะเกษ",106,true,"C (Thin Content)"
"รับซื้อไอแพด-สกลนคร.md","รับซื้อไอแพด-สกลนคร",106,true,"C (Thin Content)"
"รับซื้อไอแพด-สุรินทร์.md","รับซื้อไอแพด-สุรินทร์",106,true,"C (Thin Content)"
"รับซื้อไอแพด-หนองคาย.md","รับซื้อไอแพด-หนองคาย",106,true,"C (Thin Content)"
"รับซื้อไอแพด-หนองบัวลำภู.md","รับซื้อไอแพด-หนองบัวลำภู",106,true,"C (Thin Content)"
"รับซื้อไอแพด-อำนาจเจริญ.md","รับซื้อไอแพด-อำนาจเจริญ",106,true,"C (Thin Content)"
"รับซื้อไอแพด-อุดรธานี.md","รับซื้อไอแพด-อุดรธานี",106,true,"C (Thin Content)"
"รับซื้อไอแพด-เลย.md","รับซื้อไอแพด-เลย",106,true,"C (Thin Content)"
"รับซื้อไอแพด-โคราช.md","รับซื้อไอแพด-โคราช",106,true,"C (Thin Content)"
"รับซื้อไอแมค.md","รับซื้อไอแมค",61,true,"C (Thin Content)"
"รับซื้อไอโฟน-iphone-ร้อยเอ็ด.md","รับซื้อไอโฟน-iphone-ร้อยเอ็ด",3,true,"C (Thin Content)"
"รับซื้อไอโฟน-กาฬสินธุ์.md","รับซื้อไอโฟน-กาฬสินธุ์",84,true,"C (Thin Content)"
"รับซื้อไอโฟน-ขอนแก่น.md","รับซื้อไอโฟน-ขอนแก่น",84,true,"C (Thin Content)"
"รับซื้อไอโฟน-ชัยภูมิ.md","รับซื้อไอโฟน-ชัยภูมิ",84,true,"C (Thin Content)"
"รับซื้อไอโฟน-นครพนม.md","รับซื้อไอโฟน-นครพนม",84,true,"C (Thin Content)"
"รับซื้อไอโฟน-บึงกาฬ.md","รับซื้อไอโฟน-บึงกาฬ",84,true,"C (Thin Content)"
"รับซื้อไอโฟน-บุรีรัมย์.md","รับซื้อไอโฟน-บุรีรัมย์",84,true,"C (Thin Content)"
"รับซื้อไอโฟน-มหาสารคาม.md","รับซื้อไอโฟน-มหาสารคาม",84,true,"C (Thin Content)"
"รับซื้อไอโฟน-มุกดาหาร.md","รับซื้อไอโฟน-มุกดาหาร",84,true,"C (Thin Content)"
"รับซื้อไอโฟน-ยโสธร.md","รับซื้อไอโฟน-ยโสธร",84,true,"C (Thin Content)"
"รับซื้อไอโฟน-ร้อยเอ็ด.md","รับซื้อไอโฟน-ร้อยเอ็ด",84,true,"C (Thin Content)"
"รับซื้อไอโฟน-ศรีสะเกษ.md","รับซื้อไอโฟน-ศรีสะเกษ",84,true,"C (Thin Content)"
"รับซื้อไอโฟน-สกลนคร.md","รับซื้อไอโฟน-สกลนคร",84,true,"C (Thin Content)"
"รับซื้อไอโฟน-สุรินทร์.md","รับซื้อไอโฟน-สุรินทร์",84,true,"C (Thin Content)"
"รับซื้อไอโฟน-หนองคาย.md","รับซื้อไอโฟน-หนองคาย",84,true,"C (Thin Content)"
"รับซื้อไอโฟน-หนองบัวลำภู.md","รับซื้อไอโฟน-หนองบัวลำภู",84,true,"C (Thin Content)"
"รับซื้อไอโฟน-อำนาจเจริญ.md","รับซื้อไอโฟน-อำนาจเจริญ",84,true,"C (Thin Content)"
"รับซื้อไอโฟน-อุดรธานี.md","รับซื้อไอโฟน-อุดรธานี",71,true,"C (Thin Content)"
"รับซื้อไอโฟน-เลย.md","รับซื้อไอโฟน-เลย",84,true,"C (Thin Content)"
"รับซื้อไอโฟน-โคราช.md","รับซื้อไอโฟน-โคราช",399,false,"B (Indexed Local)"
"รับประมูลคอมพิวเตอร์.md","รับประมูลคอมพิวเตอร์",48,true,"C (Thin Content)"
"รับประมูลงานคอมพิวเตอร์.md","รับประมูลงานคอมพิวเตอร์",48,true,"C (Thin Content)"
"รับประมูลโน๊ตบุ๊ค.md","รับประมูลโน๊ตบุ๊ค",43,true,"C (Thin Content)"
"รับเหมาคอมพิวเตอร์.md","รับเหมาคอมพิวเตอร์",81,true,"C (Thin Content)"
"รับเหมาคอมสำนักงาน.md","รับเหมาคอมสำนักงาน",70,true,"C (Thin Content)"
"รับเหมาอุปกรณ์ไอที-กรุงเทพมหานคร.md","รับเหมาอุปกรณ์ไอที-กรุงเทพมหานคร",76,true,"C (Thin Content)"
"รับเหมาอุปกรณ์ไอที-ขอนแก่น.md","รับเหมาอุปกรณ์ไอที-ขอนแก่น",76,true,"C (Thin Content)"
"รับเหมาอุปกรณ์ไอที-เชียงใหม่.md","รับเหมาอุปกรณ์ไอที-เชียงใหม่",76,true,"C (Thin Content)"
"รับเหมาอุปกรณ์ไอที.md","รับเหมาอุปกรณ์ไอที",115,true,"C (Thin Content)"
"ร้านรับซื้อไอที-ประเมินราคาจากอะไร.md","ร้านรับซื้อไอที-ประเมินราคาจากอะไร",159,true,"C (Thin Content)"
"ส่งเครื่องให้ร้านประเมิน-ปลอดภัยไหม.md","ส่งเครื่องให้ร้านประเมิน-ปลอดภัยไหม",142,true,"C (Thin Content)"
"โน๊ตบุ๊ค-i5-มือสอง-ขายได้กี่บาท.md","โน๊ตบุ๊ค-i5-มือสอง-ขายได้กี่บาท",202,true,"C (Thin Content)"
"โน๊ตบุ๊ค-เปิดไม่ติด-ขายได้ไหม.md","โน๊ตบุ๊ค-เปิดไม่ติด-ขายได้ไหม",147,true,"C (Thin Content)"
"โน๊ตบุ๊ค-ไม่มีที่ชาร์จ-ขายได้ไหม.md","โน๊ตบุ๊ค-ไม่มีที่ชาร์จ-ขายได้ไหม",117,true,"C (Thin Content)"
"โน๊ตบุ๊คเกมมิ่ง-มือสอง-ขายได้กี่บาท.md","โน๊ตบุ๊คเกมมิ่ง-มือสอง-ขายได้กี่บาท",178,true,"C (Thin Content)"